eta,U,a,s,y,E,yinf,Einf,dE
0.0,0.1,1,1.0,1.0,2.7213753699274106,10.0,2.8982746526480865,-0.06103606590874578
0.0,0.1,1,1.0782904651918968,1.0,2.3261267520202233,10.0,2.478721210259812,-0.06156176725642903
0.0,0.1,1,1.1627103273237571,1.0,1.9862218754792402,10.0,2.1178875886795314,-0.06216841436914158
0.0,0.1,1,1.2537394597333567,1.0,1.6939196778838772,10.0,1.8075533817985312,-0.06286602932942842
0.0,0.1,1,1.3518953052653184,1.0,1.4425603785882875,10.0,1.5406491001044624,-0.06366713972021543
0.0,0.1,1,1.4577358176052817,1.0,1.2264145448855137,10.0,1.3110951078113138,-0.0645876583790799
0.0,0.1,1,1.5718626328924892,1.0,1.0405532541341904,10.0,1.1136630761608428,-0.0656480614214899
0.0,0.1,1,1.6949244896394018,1.0,0.8807363946867589,10.0,0.9438568049613658,-0.066874985636397
0.0,0.1,1,1.8276209163984087,1.0,0.743316563119318,10.0,0.7978097068155853,-0.0683034353063636
0.0,0.1,1,1.970706208137681,1.0,0.6251563721592692,10.0,0.6721966281271841,-0.06997990468796952
0.0,0.1,1,2.1249937139293387,1.0,0.5235572908637375,10.0,0.5641580066188601,-0.0719669228811496
0.0,0.1,1,2.291360460322723,1.0,0.4361984028969149,10.0,0.4712346444605895,-0.0743498848727043
0.0,0.1,1,2.470752136683708,1.0,0.36108369608377316,10.0,0.3913116158256954,-0.07724769344794218
0.0,0.1,1,2.6641884708385484,1.0,0.29649669184272354,10.0,0.32257003358007397,-0.0808300183621305
0.0,0.1,1,2.8727690255793865,1.0,0.2409613909785282,10.0,0.26344557682724323,-0.08534660600302747
0.0,0.1,1,3.0976794489808688,1.0,0.19320865641594717,10.0,0.21259283342174257,-0.09117982339198133
0.0,0.1,1,3.3401982140569593,1.0,0.15214727704526226,10.0,0.16885464290783606,-0.09894525596013949
0.0,0.1,1,3.6017038860686217,1.0,0.11683906278523569,10.0,0.13123573864717156,-0.10970087881808978
0.0,0.1,1,3.8836829587923964,1.0,0.08647741174056933,10.0,0.09888008568817995,-0.12543146439741834
0.0,0.1,1,4.187738304294095,1.0,0.060368868118483576,10.0,0.07105139532065471,-0.15034929509773773
0.0,0.1,1,4.515598284239205,1.0,0.037917256270261684,10.0,0.0471163700460258,-0.19524241291886293
0.0,0.1,1,4.869126574532023,1.0,0.018610033480255764,10.0,0.026530295423590408,-0.298536515213172
0.0,0.1,1,5.250332759130362,1.0,0.002006553345066525,10.0,0.00882464924336436,-0.7726194787203197
0.0,0.1,1,5.661383753254933,1.0,-0.012272026034295322,10.0,-0.006403555077561629,-0.9164395223673648
0.0,0.1,1,6.104616120927108,1.0,-0.02455141827663472,10.0,-0.019500934087301774,-0.25898678323422564
0.0,0.1,1,6.582549356852444,1.0,-0.0351116670311636,10.0,-0.030765617829443898,-0.14126318625593673
0.0,0.1,1,7.097900208149043,1.0,-0.04419355676811676,10.0,-0.040454030856162324,-0.09243889503250324
0.0,0.1,1,7.653598117330692,1.0,-0.05200412285911803,10.0,-0.04878672503186431,-0.06594822311094502
0.0,0.1,1,8.252801874328338,1.0,-0.05872138736733512,10.0,-0.0559533967732895,-0.04946957206656988
0.0,0.1,1,8.898917572206061,1.0,-0.06449842934823397,10.0,-0.062117202774100065,-0.038334414104151504
0.0,0.1,1,9.595617968638418,1.0,-0.06946688324872921,10.0,-0.06741847228908196,-0.03038352680054691
0.0,0.1,1,10.346863363206843,1.0,-0.07373994586987731,10.0,-0.07197790032986072,-0.024480368723475938
0.0,0.1,1,11.156924109189301,1.0,-0.07741496105028241,10.0,-0.07589929432545493,-0.019969444226033518
0.0,0.1,1,12.03040488780842,1.0,-0.0805756414925712,10.0,-0.07927193666326535,-0.016445981821332067
0.0,0.1,1,12.97227088292181,1.0,-0.08329397878187683,10.0,-0.08217261683844373,-0.013646418801992898
0.0,0.1,1,13.987876004941056,1.0,-0.0856318854478076,10.0,-0.08466737927889627,-0.011391709264251915
0.0,0.1,1,15.082993324414462,1.0,-0.08764260673788156,10.0,-0.08681302680102025,-0.00955593840499014
0.0,0.1,1,16.263847888269144,1.0,-0.08937193445987539,10.0,-0.08865841366330363,-0.008047976126456385
0.0,0.1,1,17.537152105251984,1.0,-0.09085925069062377,10.0,-0.09024555775883009,-0.006800256400804792
0.0,0.1,1,18.910143901713212,1.0,-0.09213842523372436,10.0,-0.09161059720219816,-0.005761648189687026
0.0,0.1,1,20.39062786462405,1.0,-0.0932385873471135,10.0,-0.09278461307927463,-0.0048927753511349885
0.0,0.1,1,21.987019605700322,1.0,-0.09418478937507095,10.0,-0.09379433708347323,-0.004162855708977725
0.0,0.1,1,23.708393598813952,1.0,-0.09499857744043894,10.0,-0.09466276013694683,-0.0035475122741644976
0.0,0.1,1,25.564534762617686,1.0,-0.09569848222382393,10.0,-0.09540965585316742,-0.003027223692128252
0.0,0.1,1,27.56599408159744,1.0,-0.0963004410276521,10.0,-0.09605203075229288,-0.00258620534530756
0.0,0.1,1,29.72414858172278,1.0,-0.09681816075162449,10.0,-0.09660451147829861,-0.00221158691303839
0.0,0.1,1,32.05126600161891,1.0,-0.09726343005589187,10.0,-0.0970796778322341,-0.0018927980372505477
0.0,0.1,1,34.56057452687489,1.0,-0.09764638782787714,10.0,-0.09748834920306416,-0.0016211026866789027
0.0,0.1,1,37.26633798388314,1.0,-0.09797575407130397,10.0,-0.09783983091691023,-0.0013892415095154414
0.0,0.1,1,40.1839369206398,1.0,-0.09825902847865367,10.0,-0.09814212611321933,-0.0011911537895508398
0.0,0.1,1,43.329956035398524,1.0,-0.09850266121123737,10.0,-0.09840211797167764,-0.001021758897391481
0.0,0.1,1,46.72227845015431,1.0,-0.09871219977740946,10.0,-0.09862572643875092,-0.0008767827805277307
0.0,0.1,1,50.38018736484223,1.0,-0.09889241535462566,10.0,-0.09881804302221446,-0.0007526189563830957
0.0,0.1,1,54.32447567009065,1.0,-0.0990474114325847,10.0,-0.09898344672272985,-0.0006462162308212161
0.0,0.1,1,58.57756414160792,1.0,-0.09918071725186492,10.0,-0.09912570374207737,-0.0005549873313454181
0.0,0.1,1,63.16362888806255,1.0,-0.09929536816607024,10.0,-0.09924805323829028,-0.0004767340641569626
0.0,0.1,1,68.10873877691732,1.0,-0.09939397475761398,10.0,-0.09935328108025587,-0.0004095856414166817
0.0,0.1,1,73.4410036193956,1.0,-0.09947878228109967,10.0,-0.09944378328111708,-0.0003519475911697031
0.0,0.1,1,79.19073395691782,1.0,-0.09955172178795443,10.0,-0.0995216205548101,-0.0003024592342500097
0.0,0.1,1,85.39061335729261,1.0,-0.09961445409650967,10.0,-0.09958856523795857,-0.00025995814368079054
0.0,0.1,1,92.07588420005649,1.0,-0.0996684076087862,10.0,-0.0996461416455114,-0.00022345033041029603
0.0,0.1,1,99.28454800703418,1.0,-0.09971481083510982,10.0,-0.09969566077900378,-0.0001920851515140878
0.0,0.1,1,107.05758145687204,1.0,-0.09975472036716766,10.0,-0.09973825017773422,-0.00016513413263312426
0.0,0.1,1,115.43916931144989,1.0,-0.09978904493646763,10.0,-0.09977487959255761,-0.00014197304940750455
0.0,0.1,1,124.47695557820948,1.0,-0.09981856610602198,10.0,-0.09980638306687796,-0.00012206673330559156
0.0,0.1,1,134.22231433609863,1.0,-0.09984395606640982,10.0,-0.09983347792761757,-0.00010495616310038577
0.0,0.1,1,144.73064176460474,1.0,-0.09986579294143884,10.0,-0.09985678111858176,-9.024748000214078e-05
0.0,0.1,1,156.06167103587734,1.0,-0.09988457395191672,10.0,-0.09987682324812461,-7.760262631555287e-05
0.0,0.1,1,168.279811859901,1.0,-0.09990072673727263,10.0,-0.0998940606709779,-6.673135769981558e-05
0.0,0.1,1,181.4545166128176,1.0,-0.09991461909282111,10.0,-0.09990888587934266,-5.738442009427337e-05
0.0,0.1,1,195.66067512960578,1.0,-0.09992656734438558,10.0,-0.09992163643984595,-4.9347716023509215e-05
0.0,0.1,1,210.9790404052631,1.0,-0.09993684355097109,10.0,-0.09993260267985558,-4.243731276656351e-05
0.0,0.1,1,227.49668762433123,1.0,-0.0999456816994895,10.0,-0.09994203429816771,-3.649516789811457e-05
0.0,0.1,1,245.30750912805587,1.0,-0.09995328303259118,10.0,-0.0999501460505913,-3.1385466893636754e-05
0.0,0.1,1,264.5127481327567,1.0,-0.09995982063091602,10.0,-0.09995712263988897,-2.6991483506062617e-05
0.0,0.1,1,285.2215742332571,1.0,-0.09996544335410161,10.0,-0.09996312292141668,-2.321288708390791e-05
0.0,0.1,1,307.5517039627441,1.0,-0.09997027923028425,10.0,-0.09996828352022417,-1.9963432298676892e-05
0.0,0.1,1,331.630069936548,1.0,-0.09997443837127117,10.0,-0.09997272194197614,-1.7168976313610024e-05
0.0,0.1,1,357.5935423835014,1.0,-0.09997801547976173,10.0,-0.0999765392485296,-1.4765776483432653e-05
0.0,0.1,1,385.5897071663239,1.0,-0.09998109200570672,10.0,-0.09997982235908941,-1.269902853751179e-05
0.0,0.1,1,415.7777047135828,1.0,-0.09998373800090542,10.0,-0.09998264602933868,-1.0921611000553369e-05
0.0,0.1,1,448.32913463202846,1.0,-0.09998601371406934,10.0,-0.099985074553609,-9.393006551605487e-06
0.0,0.1,1,483.4290311414503,1.0,-0.09998797096267185,10.0,-0.09998716322884749,-8.078375246221489e-06
0.0,0.1,1,521.2769148767821,1.0,-0.09998965431282025,10.0,-0.09998895961371593,-6.947758102587744e-06
0.0,0.1,1,562.0879270362825,1.0,-0.09999110209401607,10.0,-0.09999050461149062,-5.9753926412973165e-06
0.0,0.1,1,606.0940523227023,1.0,-0.09999234727190913,10.0,-0.0999918334014207,-5.13912457592455e-06
0.0,0.1,1,653.5454376290882,1.0,-0.09999341819891788,10.0,-0.09999297623975174,-4.419902104719096e-06
0.0,0.1,1,704.7118139651109,1.0,-0.0999943392598077,10.0,-0.09999395914865349,-3.8013411755594618e-06
0.0,0.1,1,759.8840297066652,1.0,-0.09999513142692627,10.0,-0.09999480450873893,-3.269351732288958e-06
0.0,0.1,1,819.3757038842934,1.0,-0.0999958127377394,10.0,-0.0999955315686656,-2.811816382098078e-06
0.0,0.1,1,883.5250089083323,1.0,-0.09999639870553986,10.0,-0.09999615688342325,-2.41831410471971e-06
0.0,0.1,1,952.6965928644399,1.0,-0.0999969026726817,10.0,-0.0999966946912872,-2.0798826914989737e-06
0.0,0.1,1,1027.2836523065325,1.0,-0.09999733611438251,10.0,-0.09999715723802068,-1.7888144700754324e-06
0.0,0.1,1,1107.7101673296422,1.0,-0.09999770890001158,10.0,-0.09999755505570794,-1.538480651431115e-06
0.0,0.1,1,1194.4333116276732,1.0,-0.0999980295178132,10.0,-0.09999789720256758,-1.3231802800127946e-06
0.0,0.1,1,1287.946051235701,1.0,-0.09999830526818204,10.0,-0.09999819146920609,-1.1380103407761905e-06
0.0,0.1,1,1388.779946729011,1.0,-0.09999854242989151,10.0,-0.09999844455600809,-9.787540581165355e-07
0.0,0.1,1,1497.5081748076036,1.0,-0.09999874640305996,10.0,-0.09999866222570276,-8.417848331390513e-07
0.0,0.1,1,1614.7487864419586,1.0,-0.09999892183211022,10.0,-0.09999884943457975,-7.239836346114852e-07
0.0,0.1,1,1741.1682201005494,1.0,-0.09999907271152199,10.0,-0.0999990104453427,-6.226679544604096e-07
0.0,0.1,1,1877.4850900295692,1.0,-0.0999992024767853,10.0,-0.09999914892417026,-5.355307081416433e-07
0.0,0.1,1,2024.4742711188353,1.0,-0.09999931408262579,10.0,-0.09999926802419393,-4.605876899916436e-07
0.0,0.1,1,2182.971303573754,1.0,-0.09999941007028314,10.0,-0.09999937045729426,-3.9613238257478083e-07
0.0,0.1,1,2353.8771424311035,1.0,-0.09999949262537451,10.0,-0.09999945855584974,-3.406970923925551e-07
0.0,0.1,1,2538.1632789166083,1.0,-0.09999956362766067,10.0,-0.09999953432584452,-2.930195260563517e-07
0.0,0.1,1,2736.877262755981,1.0,-0.09999962469384759,10.0,-0.09999959949254425,-2.5201404269334204e-07
0.0,0.1,1,2951.1486568302707,1.0,-0.09999967721439845,10.0,-0.09999965553977985,-2.1674693260616713e-07
0.0,0.1,1,3182.1954580239526,1.0,-0.09999972238519436,10.0,-0.09999970374373428,-1.864151531055846e-07
0.0,0.1,1,3431.3310207641903,1.0,-0.09999976123476405,10.0,-0.09999974520200056,-1.6032804343089196e-07
0.0,0.1,1,3699.971522607206,1.0,-0.09999979464770345,10.0,-0.09999978085857404,-1.3789159625509598e-07
0.0,0.1,1,3989.64401430889,1.0,-0.0999998233848176,10.0,-0.09999981152534691,-1.1859493035411444e-07
0.0,0.1,1,4301.995100139201,1.0,-0.09999984810044404,10.0,-0.09999983790059452,-1.0199866054475762e-07
0.0,0.1,1,4638.800297782362,1.0,-0.09999986935735207,10.0,-0.09999986058487538,-8.772488919687781e-08
0.0,0.1,1,5001.974131028054,1.0,-0.09999988763955658,10.0,-0.09999988009470538,-7.544860248821682e-08
0.0,0.1,1,5393.581012624077,1.0,-0.09999990336333929,10.0,-0.09999989687431896,-6.489027026807668e-08
0.0,0.1,1,5815.84697915259,1.0,-0.09999991688672712,10.0,-0.09999991130578408,-5.580947991017239e-08
0.0,0.1,1,6271.172344635337,1.0,-0.09999992851764458,10.0,-0.09999992371770199,-4.79994625767687e-08
0.0,0.1,1,6762.145344795398,1.0,-0.099999938520925,10.0,-0.0999999343926892,-4.128238503302022e-08
0.0,0.1,1,7291.55684953464,1.0,-0.0999999471243408,10.0,-0.09999994357381276,-3.5505300416718024e-08
0.0,0.1,1,7862.4162272578715,1.0,-0.09999995452378985,10.0,-0.09999995147012482,-3.0536665111140265e-08
0.0,0.1,1,8477.968451222212,1.0,-0.0999999608877559,10.0,-0.09999995826142258,-2.6263344136849153e-08
0.0,0.1,1,9141.712545150627,1.0,-0.099999966361145,10.0,-0.09999996410234234,-2.2588034696630513e-08
0.0,0.1,1,9857.421472961074,1.0,-0.099999971068585,10.0,-0.09999996912588056,-1.9427050415527764e-08
0.0,0.1,1,10629.163585671773,1.0,-0.09999997511726325,10.0,-0.09999997344642206,-1.670841631296959e-08
0.0,0.1,1,11461.325747394792,1.0,-0.09999997859936721,10.0,-0.09999997716234456,-1.4370229818321127e-08
0.0,0.1,1,12358.638271874199,1.0,-0.09999998159418363,10.0,-0.09999998035825881,-1.2359250635765585e-08
0.0,0.1,1,13326.201811317593,1.0,-0.09999998416990377,10.0,-0.09999998310693503,-1.0629689203739444e-08
0.0,0.1,1,14369.51635036675,1.0,-0.09999998638517622,10.0,-0.09999998547095999,-9.142163633233397e-09
0.0,0.1,1,15494.512470019537,1.0,-0.0999999882904422,10.0,-0.09999998750416197,-7.862803197398382e-09
0.0,0.1,1,16707.585059219018,1.0,-0.0999999899290842,10.0,-0.09999998925283654,-6.762477277733338e-09
0.0,0.1,1,18015.62966573847,1.0,-0.09999999133841372,10.0,-0.0999999907568006,-5.8161317253713396e-09
0.0,0.1,1,19426.081692994045,1.0,-0.09999999255052092,10.0,-0.09999999205029911,-5.002218481854951e-09
0.0,0.1,1,20946.958665594346,1.0,-0.09999999359300515,10.0,-0.09999999316278473,-4.302204581416343e-09
0.0,0.1,1,22586.90580387917,1.0,-0.09999999448960356,10.0,-0.09999999411958847,-3.700151097721199e-09
0.0,0.1,1,24355.24516651039,1.0,-0.09999999526073149,10.0,-0.09999999494249656,-3.1823494061817367e-09
0.0,0.1,1,26262.028640459197,1.0,-0.09999999592394734,10.0,-0.09999999565024645,-2.737009071866518e-09
0.0,0.1,1,28318.095079603678,1.0,-0.09999999649435241,10.0,-0.0999999962589534,-2.35399028527637e-09
0.0,0.1,1,30535.131916734226,1.0,-0.09999999698493467,10.0,-0.09999999678247756,-2.024571131491264e-09
0.0,0.1,1,32925.7415991913,1.0,-0.09999999740686459,10.0,-0.09999999723273949,-1.7412510804350443e-09
0.0,0.1,1,35503.51322578012,1.0,-0.0999999977697494,10.0,-0.0999999976199915,-1.4975790408921136e-09
0.0,0.1,1,38283.09979217313,1.0,-0.0999999980818519,10.0,-0.09999999795305124,-1.2880066721480495e-09
0.0,0.1,1,41280.30148389019,1.0,-0.09999999835027862,10.0,-0.0999999982395024,-1.1077622347932024e-09
0.0,0.1,1,44512.15549032564,1.0,-0.09999999858114154,10.0,-0.09999999848586745,-9.527409561211566e-10
0.0,0.1,1,47997.0328503573,1.0,-0.09999999877969737,10.0,-0.099999998697756,-8.194137142274144e-10
0.0,0.1,1,51754.74288004255,1.0,-0.09999999895046721,10.0,-0.09999999887999278,-7.047443263514265e-10
0.0,0.1,1,55806.64577600811,1.0,-0.0999999990973394,10.0,-0.09999999903672724,-6.061216864627328e-10
0.0,0.1,1,60175.77403461121,1.0,-0.09999999922365822,10.0,-0.09999999917152817,-5.213005070837154e-10
0.0,0.1,1,64886.9633770633,1.0,-0.09999999933229993,10.0,-0.099999999287465,-4.4834927756807293e-10
0.0,0.1,1,69966.99392474319,1.0,-0.09999999942573824,10.0,-0.09999999938717755,-3.8560696539011585e-10
0.0,0.1,1,75444.74242718998,1.0,-0.09999999950610074,10.0,-0.09999999947293628,-3.316445746631023e-10
0.0,0.1,1,81351.34640809741,1.0,-0.0999999995752173,10.0,-0.09999999954669389,-2.8523405988758016e-10
0.0,0.1,1,87720.38116237453,1.0,-0.09999999963466162,10.0,-0.0999999996101298,-2.453182111466711e-10
0.0,0.1,1,94588.05061038738,1.0,-0.09999999968578728,10.0,-0.09999999966468848,-2.1098803330813463e-10
0.0,0.1,1,101993.39309426933,1.0,-0.09999999972975838,10.0,-0.09999999971161216,-1.8146220689558866e-10
0.0,0.1,1,109978.50328611971,1.0,-0.09999999976757612,10.0,-0.09999999975196933,-1.560679367392408e-10
0.0,0.1,1,118588.77146949842,1.0,-0.09999999980010167,10.0,-0.0999999997866789,-1.342277680759326e-10
0.0,0.1,1,127873.14155438104,1.0,-0.09999999982807554,10.0,-0.09999999981653117,-1.1544376586988867e-10
0.0,0.1,1,137884.38929222286,1.0,-0.09999999985213476,10.0,-0.0999999998422059,-9.928863302768014e-11
0.0,0.1,1,148679.42227261138,1.0,-0.09999999987282711,10.0,-0.0999999998642877,-8.539405305583685e-11
0.0,0.1,1,160319.60340679667,1.0,-0.09999999989062375,10.0,-0.09999999988327939,-7.344361238860526e-11
0.0,0.1,1,172871.09973689524,1.0,-0.09999999990592993,10.0,-0.09999999989961332,-6.316613904945867e-11
0.0,0.1,1,186405.25855353163,1.0,-0.09999999991909414,10.0,-0.09999999991366151,-5.4326265755131104e-11
0.0,0.1,1,200999.0129599035,1.0,-0.09999999993041614,10.0,-0.09999999992574378,-4.6723597248166814e-11
0.0,0.1,1,216735.31918764618,1.0,-0.09999999994015377,10.0,-0.09999999993613524,-4.018521629136212e-11
0.0,0.1,1,233703.62815036133,1.0,-0.09999999994852868,10.0,-0.0999999999450725,-3.4561797887077366e-11
0.0,0.1,1,252000.39391528728,1.0,-0.09999999995573161,10.0,-0.0999999999527591,-2.972511127535635e-11
0.0,0.1,1,271729.621983456,1.0,-0.09999999996192656,10.0,-0.09999999995937,-2.5565521932064983e-11
0.0,0.1,1,293003.46049495914,1.0,-0.09999999996725457,10.0,-0.09999999996505582,-2.198755067675036e-11
0.0,0.1,1,315942.8377199452,1.0,-0.09999999997183699,10.0,-0.09999999996994592,-1.8910706339879886e-11
0.0,0.1,1,340678.1494590878,1.0,-0.09999999997577813,10.0,-0.09999999997415171,-1.626421220345025e-11
0.0,0.1,1,367350.0002609545,1.0,-0.09999999997916775,10.0,-0.09999999997776894,-1.3988116223996288e-11
0.0,0.1,1,396110.0026696275,1.0,-0.09999999998208303,10.0,-0.09999999998087998,-1.2030515475016512e-11
0.0,0.1,1,427121.6390457963,1.0,-0.09999999998459035,10.0,-0.09999999998355565,-1.03470010354518e-11
0.0,0.1,1,460561.1908602173,1.0,-0.09999999998674677,10.0,-0.09999999998585689,-8.898853877263439e-12
0.0,0.1,1,496618.740741997,1.0,-0.09999999998860146,10.0,-0.09999999998783607,-7.653877532696842e-12
0.0,0.1,1,535499.2529777022,1.0,-0.09999999999019656,10.0,-0.0999999999895383,-6.5825123136911955e-12
0.0,0.1,1,577423.73860324,1.0,-0.09999999999156844,10.0,-0.09999999999100233,-5.661165980951124e-12
0.0,0.1,1,622630.5117113321,1.0,-0.09999999999274838,10.0,-0.09999999999226147,-4.869021852748493e-12
0.0,0.1,1,671376.5441158813,1.0,-0.09999999999376318,10.0,-0.0999999999933444,-4.187761249164811e-12
0.0,0.1,1,723938.9260736408,1.0,-0.09999999999463596,10.0,-0.09999999999427579,-3.6017022699682547e-12
0.0,0.1,1,780616.4413664687,1.0,-0.09999999999538658,10.0,-0.09999999999507685,-3.0973834609785974e-12
0.0,0.1,1,841731.2656974929,1.0,-0.09999999999603221,10.0,-0.09999999999576581,-2.663980147700861e-12
0.0,0.1,1,907630.7980555124,1.0,-0.09999999999658749,10.0,-0.09999999999635834,-2.291500322909772e-12
0.0,0.1,1,978689.6354577715,1.0,-0.099999999997065,10.0,-0.09999999999686797,-1.970368313015209e-12
0.0,0.1,1,1055311.7022962486,1.0,-0.09999999999747575,10.0,-0.09999999999730626,-1.6948942250140357e-12
0.0,0.1,1,1137932.546391475,1.0,-0.09999999999782899,10.0,-0.09999999999768322,-1.4577228313666028e-12
0.0,0.1,1,1227021.814805464,1.0,-0.09999999999813282,10.0,-0.09999999999800745,-1.253719350582939e-12
0.0,0.1,1,1323085.9234871871,1.0,-0.09999999999839411,10.0,-0.09999999999828628,-1.0783041126856624e-12
0.0,0.1,1,1426670.9359258502,1.0,-0.09999999999861883,10.0,-0.0999999999985261,-9.273137813318297e-13
0.0,0.1,1,1538365.6671752443,1.0,-0.0999999999988121,10.0,-0.09999999999873234,-7.975564653252072e-13
0.0,0.1,1,1658805.0308936348,1.0,-0.09999999999897834,10.0,-0.09999999999890977,-6.85701495591588e-13
0.0,0.1,1,1788673.648424957,1.0,-0.09999999999912132,10.0,-0.09999999999906233,-5.899447597157243e-13
0.0,0.1,1,1928709.7404366347,1.0,-0.09999999999924429,10.0,-0.09999999999919355,-5.073719222577882e-13
0.0,0.1,1,2079709.3232355623,1.0,-0.09999999999935005,10.0,-0.09999999999930642,-4.363176486807127e-13
0.0,0.1,1,2242530.7336156005,1.0,-0.099999999999441,10.0,-0.09999999999940347,-3.752553823255414e-13
0.0,0.1,1,2418099.507957488,1.0,-0.09999999999951922,10.0,-0.09999999999948694,-3.227973444114204e-13
0.0,0.1,1,2607413.6433157776,1.0,-0.0999999999995865,10.0,-0.09999999999955875,-2.7755575615751385e-13
0.0,0.1,1,2811549.2703986694,1.0,-0.09999999999964437,10.0,-0.0999999999996205,-2.386979502953145e-13
0.0,0.1,1,3031666.770688115,1.0,-0.09999999999969415,10.0,-0.09999999999967361,-2.0539125955632433e-13
0.0,0.1,1,3269017.3724721107,1.0,-0.09999999999973694,10.0,-0.09999999999971929,-1.7652546091589542e-13
0.01,0.1,1,1.0,1.0,2.7230000931995493,10.0,2.899391906121606,-0.060837519946728556
0.01,0.1,1,1.0782904651918968,1.0,2.3277171859832513,10.0,2.479828520927833,-0.061339457007159814
0.01,0.1,1,1.1627103273237571,1.0,1.9877789440726978,10.0,2.1189857862579937,-0.06191964242336876
0.01,0.1,1,1.2537394597333567,1.0,1.6954443958040637,10.0,1.808643246607357,-0.06258771651934734
0.01,0.1,1,1.3518953052653184,1.0,1.44405383994011,10.0,1.5417313619186965,-0.06335573394383452
0.01,0.1,1,1.4577358176052817,1.0,1.2278779109679152,10.0,1.3121704450897989,-0.0642390128792415
0.01,0.1,1,1.5718626328924892,1.0,1.0419877406397606,10.0,1.1147321158165702,-0.06525727046405441
0.01,0.1,1,1.6949244896394018,1.0,0.8821432586138369,10.0,0.9449201227857407,-0.06643615969022847
0.01,0.1,1,1.8276209163984087,1.0,0.7446970897012467,10.0,0.7988678286055253,-0.06780938844268779
0.01,0.1,1,1.970706208137681,1.0,0.62651186210948,10.0,0.6732500314992074,-0.06942171140437954
0.01,0.1,1,2.1249937139293387,1.0,0.5248890482167239,10.0,0.5652071234370342,-0.07133327509238627
0.01,0.1,1,2.291360460322723,1.0,0.4375077236944843,10.0,0.4722798637614049,-0.07362613300931971
0.01,0.1,1,2.470752136683708,1.0,0.36237185811476197,10.0,0.39235328709624645,-0.0764143693133629
0.01,0.1,1,2.6641884708385484,1.0,0.29776494559504624,10.0,0.32360847023683553,-0.07986047034824366
0.01,0.1,1,2.8727690255793865,1.0,0.24221095190814174,10.0,0.2644810597493411,-0.08420303466080184
0.01,0.1,1,3.0976794489808688,1.0,0.19444069858164345,10.0,0.21362561441129777,-0.08980625231914935
0.01,0.1,1,3.3401982140569593,1.0,0.15336292810479524,10.0,0.16988494797622566,-0.09725417153344615
0.01,0.1,1,3.6017038860686217,1.0,0.1180394003004595,10.0,0.13226377105541007,-0.10754548007701574
0.01,0.1,1,3.8836829587923964,1.0,0.08766346069963364,10.0,0.09990602869826588,-0.12254083320243858
0.01,0.1,1,4.187738304294095,1.0,0.06154159955338581,10.0,0.0720754146398898,-0.14614990616611861
0.01,0.1,1,4.515598284239205,1.0,0.0390775868288315,10.0,0.04813861596642645,-0.18822786978159958
0.01,0.1,1,4.869126574532023,1.0,0.019758825802593222,10.0,0.027550904672996104,-0.2828247915227355
0.01,0.1,1,5.250332759130362,1.0,0.0031446170944020024,10.0,0.009843746574104903,-0.6805467236758943
0.01,0.1,1,5.661383753254933,1.0,-0.011143932629130576,10.0,-0.005385855531929107,-1.069110944967928
0.01,0.1,1,6.104616120927108,1.0,-0.023432586497430644,10.0,-0.01848452765543121,-0.26768651783999314
0.01,0.1,1,6.582549356852444,1.0,-0.03400143547974627,10.0,-0.029750408315285498,-0.14288970824903363
0.01,0.1,1,7.097900208149043,1.0,-0.043091309006140735,10.0,-0.03943992969387816,-0.09258077640106285
0.01,0.1,1,7.653598117330692,1.0,-0.0509092849580427,10.0,-0.047773650558224474,-0.06563522701696511
0.01,0.1,1,8.252801874328338,1.0,-0.05763342543201025,10.0,-0.05494127359687375,-0.049000535642655475
0.01,0.1,1,8.898917572206061,1.0,-0.06341684706281797,10.0,-0.06110596122415934,-0.037817682470969526
0.01,0.1,1,9.595617968638418,1.0,-0.06839121948099106,10.0,-0.06640804793009276,-0.029863421869981185
0.01,0.1,1,10.346863363206843,1.0,-0.07266977235938575,10.0,-0.07096823353053691,-0.023976062869265083
0.01,0.1,1,11.156924109189301,1.0,-0.07634988019747588,10.0,-0.07489032987328628,-0.0194891693848744
0.01,0.1,1,12.03040488780842,1.0,-0.079515284259031,10.0,-0.07826362341749042,-0.015992881327046415
0.01,0.1,1,12.97227088292181,1.0,-0.08223800270704036,10.0,-0.08116490741548835,-0.013221173111906251
0.01,0.1,1,13.987876004941056,1.0,-0.08457997278358849,10.0,-0.08366022976670331,-0.01099379023282615
0.01,0.1,1,15.082993324414462,1.0,-0.08659446269995334,10.0,-0.08580639649742065,-0.009184236079141003
0.01,0.1,1,16.263847888269144,1.0,-0.08832728559249556,10.0,-0.08765226483645402,-0.007701121668687293
0.01,0.1,1,17.537152105251984,1.0,-0.08981784334063012,10.0,-0.08923985542695174,-0.006476791237649297
0.01,0.1,1,18.910143901713212,1.0,-0.09110002412856598,10.0,-0.0906053089306928,-0.005460112698822185
0.01,0.1,1,20.39062786462405,1.0,-0.09220297427135749,10.0,-0.09177970879355139,-0.004611754421210713
0.01,0.1,1,21.987019605700322,1.0,-0.09315176193965313,10.0,-0.09278978889603379,-0.0039010008312974835
0.01,0.1,1,23.708393598813952,1.0,-0.09396794793892888,10.0,-0.09365854218751463,-0.003303550794061954
0.01,0.1,1,25.564534762617686,1.0,-0.094670076570094,10.0,-0.09440574416074947,-0.00279996107963986
0.01,0.1,1,27.56599408159744,1.0,-0.09527409776953695,10.0,-0.09504840307821455,-0.0023745237585599236
0.01,0.1,1,29.72414858172278,1.0,-0.09579373015540152,10.0,-0.09560114719934289,-0.0020144418942700244
0.01,0.1,1,32.05126600161891,1.0,-0.09624077325668347,10.0,-0.09607655782310243,-0.0017092143734312097
0.01,0.1,1,34.56057452687489,1.0,-0.09662537604135732,10.0,-0.096485455727448,-0.0014501700059806283
0.01,0.1,1,37.26633798388314,1.0,-0.09695626786237606,10.0,-0.09683714752652446,-0.0012301099205650277
0.01,0.1,1,40.1839369206398,1.0,-0.09724095708304405,10.0,-0.09713963755420298,-0.0010430297187853448
0.01,0.1,1,43.329956035398524,1.0,-0.09748590190621968,10.0,-0.09739981009781566,-0.000883901193622055
0.01,0.1,1,46.72227845015431,1.0,-0.0976966572981312,10.0,-0.09762358613101407,-0.0007484991077778034
0.01,0.1,1,50.38018736484223,1.0,-0.09787800135275321,10.0,-0.09781605811415295,-0.0006332624703396924
0.01,0.1,1,54.32447567009065,1.0,-0.09803404397421267,10.0,-0.09798160593129215,-0.0005351825214753826
0.01,0.1,1,58.57756414160792,1.0,-0.09816832035185206,10.0,-0.09812399660345762,-0.000451711609073215
0.01,0.1,1,63.16362888806255,1.0,-0.09828387135616584,10.0,-0.09824647004843755,-0.0003806885652976033
0.01,0.1,1,68.10873877691732,1.0,-0.09838331268592747,10.0,-0.09835181283970539,-0.0003202772304097893
0.01,0.1,1,73.4410036193956,1.0,-0.09846889434064193,10.0,-0.09844242164382896,-0.000268915538351423
0.01,0.1,1,79.19073395691782,1.0,-0.09854255177214293,10.0,-0.09852035778072396,-0.0002252731508381395
0.01,0.1,1,85.39061335729261,1.0,-0.09860594987968165,10.0,-0.09858739414899377,-0.0001882160579255369
0.01,0.1,1,92.07588420005649,1.0,-0.09866052084990566,10.0,-0.0986450555847626,-0.00015677689116184478
0.01,0.1,1,99.28454800703418,1.0,-0.09870749670298493,10.0,-0.09869465357289954,-0.00013012994747379084
0.01,0.1,1,107.05758145687204,1.0,-0.09874793728561783,10.0,-0.09873731610094341,-0.00010757011729545573
0.01,0.1,1,115.43916931144989,1.0,-0.09878275434799194,10.0,-0.09877401333544397,-8.849506315273514e-05
0.01,0.1,1,124.47695557820948,1.0,-0.09881273225262609,10.0,-0.09880557970531785,-7.239011531098601e-05
0.01,0.1,1,134.22231433609863,1.0,-0.09883854578634568,10.0,-0.09883273289500918,-5.8815446727286394e-05
0.01,0.1,1,144.73064176460474,1.0,-0.09886077548070213,10.0,-0.09885609017988677,-4.7395166113056256e-05
0.01,0.1,1,156.06167103587734,1.0,-0.09887992078943036,10.0,-0.09887618247579448,-3.7808029621283624e-05
0.01,0.1,1,168.279811859901,1.0,-0.09889641142276305,10.0,-0.09889346642262824,-2.9779521755535983e-05
0.01,0.1,1,181.4545166128176,1.0,-0.09891061709646541,10.0,-0.09890833477704847,-2.307509697831023e-05
0.01,0.1,1,195.66067512960578,1.0,-0.09892285591737533,10.0,-0.09892112535094028,-1.7494407073488977e-05
0.01,0.1,1,210.9790404052631,1.0,-0.09893340159619987,10.0,-0.09893212869912225,-1.2866367017011567e-05
0.01,0.1,1,227.49668762433123,1.0,-0.09894248965162937,10.0,-0.09894159473132698,-9.044935093488876e-06
0.01,0.1,1,245.30750912805587,1.0,-0.09895032274687622,10.0,-0.0989497383989846,-5.905502137458978e-06
0.01,0.1,1,264.5127481327567,1.0,-0.09895707528000093,10.0,-0.0989567445862756,-3.341800770796186e-06
0.01,0.1,1,285.2215742332571,1.0,-0.09896289733240897,10.0,-0.09896277231680177,-1.2632589434689931e-06
0.01,0.1,1,307.5517039627441,1.0,-0.0989679180652967,10.0,-0.09896795837164298,4.0726662384143813e-07
0.01,0.1,1,331.630069936548,1.0,-0.09897224864126437,10.0,-0.09897242040116533,1.735431954262255e-06
0.01,0.1,1,357.5935423835014,1.0,-0.09897598473751039,10.0,-0.09897625960142102,2.777069084434082e-06
0.01,0.1,1,385.5897071663239,1.0,-0.09897920870773001,10.0,-0.09897956301606672,3.579611042067727e-06
0.01,0.1,1,415.7777047135828,1.0,-0.09898199144184965,10.0,-0.09898240551620141,4.183312676687949e-06
0.01,0.1,1,448.32913463202846,1.0,-0.09898439396585475,10.0,-0.0989848515031926,4.622296552471845e-06
0.01,0.1,1,483.4290311414503,1.0,-0.09898646881805785,10.0,-0.09898695637325189,4.925448886402249e-06
0.01,0.1,1,521.2769148767821,1.0,-0.09898826123306809,10.0,-0.09898876777709838,5.117186946209981e-06
0.01,0.1,1,562.0879270362825,1.0,-0.0989898101603515,10.0,-0.09899032670338166,5.218116227823434e-06
0.01,0.1,1,606.0940523227023,1.0,-0.0989911491405092,10.0,-0.09899166841052569,5.24559313751863e-06
0.01,0.1,1,653.5454376290882,1.0,-0.09899230705916602,10.0,-0.09899282322820212,5.214206639068606e-06
0.01,0.1,1,704.7118139651109,1.0,-0.09899330879557962,10.0,-0.09899381724667572,5.136190423228452e-06
0.01,0.1,1,759.8840297066652,1.0,-0.09899417578068684,10.0,-0.09899467290971033,5.02177550444389e-06
0.01,0.1,1,819.3757038842934,1.0,-0.09899492647724625,10.0,-0.0989954095245292,4.8794917387680394e-06
0.01,0.1,1,883.5250089083323,1.0,-0.09899557679296457,10.0,-0.09899604370043562,4.716425562016865e-06
0.01,0.1,1,952.6965928644399,1.0,-0.09899614043597293,10.0,-0.09899658972607488,4.538440194609226e-06
0.01,0.1,1,1027.2836523065325,1.0,-0.09899662922070833,10.0,-0.09899705989392303,4.350363689218537e-06
0.01,0.1,1,1107.7101673296422,1.0,-0.0989970533311301,10.0,-0.09899746477938556,4.156149416383003e-06
0.01,0.1,1,1194.4333116276732,1.0,-0.09899742154723139,10.0,-0.09899781348085689,3.95901294905374e-06
0.01,0.1,1,1287.946051235701,1.0,-0.098997741439973,10.0,-0.09899811382620229,3.7615487294727545e-06
0.01,0.1,1,1388.779946729011,1.0,-0.09899801953904971,10.0,-0.09899837255035997,3.5658294288960967e-06
0.01,0.1,1,1497.5081748076036,1.0,-0.09899826147728284,10.0,-0.09899859544810392,3.373490498221389e-06
0.01,0.1,1,1614.7487864419586,1.0,-0.09899847211490251,10.0,-0.09899878750544192,3.185802042169094e-06
0.01,0.1,1,1741.1682201005494,1.0,-0.09899865564652677,10.0,-0.09899895301263803,3.0037298598973075e-06
0.01,0.1,1,1877.4850900295692,1.0,-0.09899881569325276,10.0,-0.0989990956614303,2.82798722210086e-06
0.01,0.1,1,2024.4742711188353,1.0,-0.09899895538193704,10.0,-0.09899921862865377,2.6590787319055914e-06
0.01,0.1,1,2182.971303573754,1.0,-0.09899907741345242,10.0,-0.09899932464817163,2.4973374322482485e-06
0.01,0.1,1,2353.8771424311035,1.0,-0.09899918412145886,10.0,-0.09899941607274884,2.342956142389883e-06
0.01,0.1,1,2538.1632789166083,1.0,-0.09899927752301112,10.0,-0.09899949492727589,2.196013877959077e-06
0.01,0.1,1,2736.877262755981,1.0,-0.0989993593621408,10.0,-0.09899956295455202,2.0564980808545554e-06
0.01,0.1,1,2951.1486568302707,1.0,-0.09899943114739207,10.0,-0.09899962165466875,1.9243232801501185e-06
0.01,0.1,1,3182.1954580239526,1.0,-0.0989994941841536,10.0,-0.09899967231888891,1.7993467163800983e-06
0.01,0.1,1,3431.3310207641903,1.0,-0.09899954960251084,10.0,-0.09899971605879065,1.6813813861498862e-06
0.01,0.1,1,3699.971522607206,1.0,-0.09899959838124275,10.0,-0.09899975383133895,1.5702068963013706e-06
0.01,0.1,1,3989.64401430889,1.0,-0.09899964136849915,10.0,-0.09899978646045395,1.4655784621909953e-06
0.01,0.1,1,4301.995100139201,1.0,-0.09899967929962059,10.0,-0.09899981465556568,1.3672343282873619e-06
0.01,0.1,1,4638.800297782362,1.0,-0.09899971281249806,10.0,-0.09899983902757743,1.2749018646271682e-06
0.01,0.1,1,5001.974131028054,1.0,-0.09899974246081387,10.0,-0.09899986010259876,1.1883025366008674e-06
0.01,0.1,1,5393.581012624077,1.0,-0.09899976872545886,10.0,-0.09899987833376121,1.1071559298441377e-06
0.01,0.1,1,5815.84697915259,1.0,-0.0989997920243781,10.0,-0.09899989411138393,1.0311829800551036e-06
0.01,0.1,1,6271.172344635337,1.0,-0.09899981272106373,10.0,-0.09899990777172017,9.601085352731729e-07
0.01,0.1,1,6762.145344795398,1.0,-0.09899983113188227,10.0,-0.09899991960448294,8.936633588146855e-07
0.01,0.1,1,7291.55684953464,1.0,-0.09899984753239763,10.0,-0.09899992985932048,8.315856684480667e-07
0.01,0.1,1,7862.4162272578715,1.0,-0.09899986216282924,10.0,-0.09899993875138832,7.736222874888561e-07
0.01,0.1,1,8477.968451222212,1.0,-0.09899987523276442,10.0,-0.09899994646614393,7.19529475086981e-07
0.01,0.1,1,9141.712545150627,1.0,-0.09899988692522839,10.0,-0.09899995316347289,6.690734933085907e-07
0.01,0.1,1,9857.421472961074,1.0,-0.0989998974002005,10.0,-0.09899995898123976,6.220309572622263e-07
0.01,0.1,1,10629.163585671773,1.0,-0.09899990679765282,10.0,-0.09899996403834405,5.781890103153797e-07
0.01,0.1,1,11461.325747394792,1.0,-0.09899991524017723,10.0,-0.0989999684373504,5.373453548139863e-07
0.01,0.1,1,12358.638271874199,1.0,-0.09899992283525733,10.0,-0.09899997226675245,4.993081713819772e-07
0.01,0.1,1,13326.201811317593,1.0,-0.09899992967723394,10.0,-0.0989999756029214,4.638959472628101e-07
0.01,0.1,1,14369.51635036675,1.0,-0.09899993584900661,10.0,-0.09899997851178352,4.309372340255119e-07
0.01,0.1,1,15494.512470019537,1.0,-0.09899994142350677,10.0,-0.09899998105026415,4.002703532762647e-07
0.01,0.1,1,16707.585059219018,1.0,-0.09899994646497416,10.0,-0.09899998326753107,3.717430618679416e-07
0.01,0.1,1,18015.62966573847,1.0,-0.0989999510300632,10.0,-0.09899998520606483,3.4521218922187113e-07
0.01,0.1,1,19426.081692994045,1.0,-0.09899995516880251,10.0,-0.0989999869025806,3.2054325545143763e-07
0.01,0.1,1,20946.958665594346,1.0,-0.09899995892542754,10.0,-0.09899998838882199,2.9761007981849423e-07
0.01,0.1,1,22586.90580387917,1.0,-0.09899996233910353,10.0,-0.09899998969224455,2.762943824653571e-07
0.01,0.1,1,24355.24516651039,1.0,-0.09899996544455389,10.0,-0.09899999083660481,2.564853865707314e-07
0.01,0.1,1,26262.028640459197,1.0,-0.09899996827260611,10.0,-0.09899999184246748,2.3807942737717902e-07
0.01,0.1,1,28318.095079603678,1.0,-0.09899997085066722,10.0,-0.09899999272764241,2.2097956360384776e-07
0.01,0.1,1,30535.131916734226,1.0,-0.09899997320313746,10.0,-0.0989999935075613,2.0509520386020523e-07
0.01,0.1,1,32925.7415991913,1.0,-0.09899997535177091,10.0,-0.09899999419560211,1.9034174049073021e-07
0.01,0.1,1,35503.51322578012,1.0,-0.09899997731599006,10.0,-0.09899999480336882,1.7664019884052506e-07
0.01,0.1,1,38283.09979217313,1.0,-0.09899997911316025,10.0,-0.09899999534093257,1.6391689983892925e-07
0.01,0.1,1,41280.30148389019,1.0,-0.09899998075882968,10.0,-0.09899999581703947,1.521031356205946e-07
0.01,0.1,1,44512.15549032564,1.0,-0.09899998226693911,10.0,-0.09899999623929011,1.4113486393124274e-07
0.01,0.1,1,47997.0328503573,1.0,-0.09899998365000555,10.0,-0.09899999661429387,1.3095241178577042e-07
0.01,0.1,1,51754.74288004255,1.0,-0.0989999849192833,10.0,-0.0989999969478027,1.2150019973316044e-07
0.01,0.1,1,55806.64577600811,1.0,-0.09899998608490504,10.0,-0.09899999724482596,1.1272647705572617e-07
0.01,0.1,1,60175.77403461121,1.0,-0.09899998715600597,10.0,-0.09899999750972986,1.0458307224819704e-07
0.01,0.1,1,64886.9633770633,1.0,-0.09899998814083284,10.0,-0.09899999774632338,9.702515919713468e-08
0.01,0.1,1,69966.99392474319,1.0,-0.09899998904683993,10.0,-0.09899999795793221,9.001103499543006e-08
0.01,0.1,1,75444.74242718998,1.0,-0.09899998988077376,10.0,-0.09899999814746287,8.350191177490311e-08
0.01,0.1,1,81351.34640809741,1.0,-0.09899999064874776,10.0,-0.09899999831745793,7.7461720173925e-08
0.01,0.1,1,87720.38116237453,1.0,-0.09899999135630823,10.0,-0.09899999847014387,7.185692682309645e-08
0.01,0.1,1,94588.05061038738,1.0,-0.09899999200849284,10.0,-0.09899999860747248,6.665636094267647e-08
0.01,0.1,1,101993.39309426933,1.0,-0.09899999260988235,10.0,-0.0989999987311565,6.183105285534191e-08
0.01,0.1,1,109978.50328611971,1.0,-0.09899999316464651,10.0,-0.09899999884270072,5.735408357318804e-08
0.01,0.1,1,118588.77146949842,1.0,-0.09899999367658503,10.0,-0.09899999894342873,5.3200441954470035e-08
0.01,0.1,1,127873.14155438104,1.0,-0.09899999414916356,10.0,-0.09899999903450611,4.934689489708537e-08
0.01,0.1,1,137884.38929222286,1.0,-0.09899999458554642,10.0,-0.09899999911696063,4.5771861036573056e-08
0.01,0.1,1,148679.42227261138,1.0,-0.09899999498862522,10.0,-0.09899999919169968,4.245529790138244e-08
0.01,0.1,1,160319.60340679667,1.0,-0.0989999953610447,10.0,-0.09899999925952534,3.937859257265053e-08
0.01,0.1,1,172871.09973689524,1.0,-0.09899999570522595,10.0,-0.09899999932114763,3.652446159585146e-08
0.01,0.1,1,186405.25855353163,1.0,-0.0989999960233869,10.0,-0.09899999937719596,3.387685944341735e-08
0.01,0.1,1,200999.0129599035,1.0,-0.09899999631756101,10.0,-0.09899999942822889,3.142088781844627e-08
0.01,0.1,1,216735.31918764618,1.0,-0.09899999658961395,10.0,-0.09899999947474297,2.9142717574588324e-08
0.01,0.1,1,233703.62815036133,1.0,-0.09899999684125849,10.0,-0.09899999951718012,2.7029511617195736e-08
0.01,0.1,1,252000.39391528728,1.0,-0.0989999970740682,10.0,-0.09899999955593433,2.506935495364113e-08
0.01,0.1,1,271729.621983456,1.0,-0.09899999728948948,10.0,-0.09899999959135714,2.3251188528491356e-08
0.01,0.1,1,293003.46049495914,1.0,-0.09899999748885273,10.0,-0.09899999962376292,2.156474950694954e-08
0.01,0.1,1,315942.8377199452,1.0,-0.09899999767338223,10.0,-0.09899999965343297,2.0000512539557825e-08
0.01,0.1,1,340678.1494590878,1.0,-0.09899999784420521,10.0,-0.09899999968061952,1.85496395778624e-08
0.01,0.1,1,367350.0002609545,1.0,-0.09899999800236003,10.0,-0.09899999970554899,1.7203928849002514e-08
0.01,0.1,1,396110.0026696275,1.0,-0.09899999814880361,10.0,-0.09899999972842485,1.595577013838634e-08
0.01,0.1,1,427121.6390457963,1.0,-0.0989999982844182,10.0,-0.0989999997494303,1.4798102034883613e-08
0.01,0.1,1,460561.1908602173,1.0,-0.09899999841001748,10.0,-0.09899999976873047,1.3724373661768916e-08
0.01,0.1,1,496618.740741997,1.0,-0.09899999852635233,10.0,-0.09899999978647436,1.2728505426408173e-08
0.01,0.1,1,535499.2529777022,1.0,-0.09899999863411564,10.0,-0.09899999980279668,1.1804859021804387e-08
0.01,0.1,1,577423.73860324,1.0,-0.09899999873394728,10.0,-0.09899999981781928,1.094820196113669e-08
0.01,0.1,1,622630.5117113321,1.0,-0.09899999882643817,10.0,-0.09899999983165257,1.0153680803439748e-08
0.01,0.1,1,671376.5441158813,1.0,-0.09899999891213421,10.0,-0.09899999984439668,9.4167926971275e-09
0.01,0.1,1,723938.9260736408,1.0,-0.09899999899153986,10.0,-0.09899999985614259,8.733360988727818e-09
0.01,0.1,1,780616.4413664687,1.0,-0.09899999906512139,10.0,-0.09899999986697296,8.099510831617478e-09
0.01,0.1,1,841731.2656974929,1.0,-0.09899999913330992,10.0,-0.09899999987696305,7.511647738530541e-09
0.01,0.1,1,907630.7980555124,1.0,-0.0989999991965041,10.0,-0.09899999988618137,6.96643711532469e-09
0.01,0.1,1,978689.6354577715,1.0,-0.09899999925507255,10.0,-0.09899999989469054,6.460787719778612e-09
0.01,0.1,1,1055311.7022962486,1.0,-0.09899999930935648,10.0,-0.09899999990254751,5.991828672124518e-09
0.01,0.1,1,1137932.546391475,1.0,-0.09899999935967138,10.0,-0.09899999990980454,5.556900623727917e-09
0.01,0.1,1,1227021.814805464,1.0,-0.09899999940630934,10.0,-0.0989999999165093,5.153535010495159e-09
0.01,0.1,1,1323085.9234871871,1.0,-0.09899999944954063,10.0,-0.0989999999227054,4.779442137600575e-09
0.01,0.1,1,1426670.9359258502,1.0,-0.09899999948961545,10.0,-0.09899999992843285,4.432498983854325e-09
0.01,0.1,1,1538365.6671752443,1.0,-0.09899999952676547,10.0,-0.0989999999337283,4.110735604273598e-09
0.01,0.1,1,1658805.0308936348,1.0,-0.09899999956120518,10.0,-0.0989999999386254,3.81232545768472e-09
0.01,0.1,1,1788673.648424957,1.0,-0.09899999959313316,10.0,-0.09899999994315498,3.5355739119895748e-09
0.01,0.1,1,1928709.7404366347,1.0,-0.09899999962273336,10.0,-0.09899999994734542,3.2789096932052015e-09
0.01,0.1,1,2079709.3232355623,1.0,-0.0989999996501761,10.0,-0.09899999995122277,3.0408754934253974e-09
0.01,0.1,1,2242530.7336156005,1.0,-0.0989999996756192,10.0,-0.09899999995481099,2.8201189993213654e-09
0.01,0.1,1,2418099.507957488,1.0,-0.09899999969920886,10.0,-0.09899999995813215,2.6153867242358805e-09
0.01,0.1,1,2607413.6433157776,1.0,-0.0989999997210805,10.0,-0.09899999996120656,2.4255157375823605e-09
0.01,0.1,1,2811549.2703986694,1.0,-0.09899999974135962,10.0,-0.09899999996405293,2.249427356759395e-09
0.01,0.1,1,3031666.770688115,1.0,-0.09899999976016245,10.0,-0.09899999996668846,2.086121259604318e-09
0.01,0.1,1,3269017.3724721107,1.0,-0.09899999977759669,10.0,-0.09899999996912905,1.9346702977451623e-09
