eta,U,s_opt,y_opt,E_opt,s_inf,y_inf,E_inf,E_binding
0.0,0.001,10.0,1.5965589148376624,0.027109909633017813,84.87148510084668,5000.001267226051,0.000428374872603096,62.285480467795956
0.0,0.5564444444444444,8.934774924899346,0.001,-0.038126115121262946,10.733139530491892,5000.0105017230435,-0.026190008787373736,-0.45575037529745444
0.0,1.1118888888888887,4.6259445159499615,0.001,-0.14878380210253317,5.452808859580328,5000.00342235809,-0.10353800000147012,-0.4369970648498195
0.0,1.6673333333333331,3.2294459118657532,0.001,-0.3236125317273663,3.716497705211952,5000.002181765046,-0.22928313740421374,-0.411410081836306
0.0,2.2227777777777775,2.550805109141402,0.001,-0.552866478203043,2.8617259517886824,5004.8660321615625,-0.3998493496187681,-0.3826869512984512
0.0,2.778222222222222,2.1527452020010265,0.001,-0.8276133552348888,2.3569907769772764,5004.856928677505,-0.6109586505317446,-0.3546143499475454
0.0,3.3336666666666663,1.8915066899637318,0.001,-1.140413437105147,2.024507093229501,5004.851413298221,-0.8588344203532168,-0.32786182071757675
0.0,3.8891111111111107,1.7067635872110896,0.001,-1.4852765483250774,1.789015947292796,5004.848731312996,-1.13995899734038,-0.3029210276776201
0.0,4.444555555555556,1.5689774845147277,0.001,-1.8574132641698182,1.613325828259,5004.844259194159,-1.451226375161019,-0.27989216290513685
0.0,5.0,1.4620563222211642,0.001,-2.252977323523424,1.4770129245383519,5004.8402175414885,-1.789927399545222,-0.25869760086127064
0.034448275862068965,0.001,10.0,1.5967887378042385,0.027115643213039768,84.86043683599827,5000.001188349846,0.0004280752601739838,62.343168213035916
0.034448275862068965,0.5564444444444444,9.463533615737612,0.001,-0.03393067007624807,11.10294846309006,5000.010741903377,-0.02442196996997735,-0.38935024971204407
0.034448275862068965,1.1118888888888887,4.88757165112612,0.001,-0.13265772384277444,5.6408491226661415,5000.0035744547395,-0.09661036078330774,-0.373121089365551
0.034448275862068965,1.6673333333333331,3.401769865657428,0.001,-0.2892249079417257,3.839599042972247,5000.002378237582,-0.21413913516255068,-0.3506401234047117
0.034448275862068965,2.2227777777777775,2.679693043109967,0.001,-0.49532515141424116,2.952498690027114,5004.8601461188555,-0.3738385208878269,-0.3249708730868515
0.034448275862068965,2.778222222222222,2.2562258964122996,0.001,-0.7431665404467315,2.4286346162396146,5004.859869811537,-0.5718501705245307,-0.29958261578388706
0.034448275862068965,3.3336666666666663,1.978653337253009,0.001,-1.0261385309675228,2.0836059208480644,5004.8523294803645,-0.8047381739261116,-0.275120982469684
0.034448275862068965,3.8891111111111107,1.7826268710394197,0.001,-1.338845462353383,1.8393112056542575,5004.850111844772,-1.0692680638147178,-0.2521139531437248
0.034448275862068965,4.444555555555556,1.6366269183870414,0.001,-1.6769301176410218,1.657165040497465,5004.844574472236,-1.3625607139226568,-0.23071955657178128
0.034448275862068965,5.0,1.52348947416483,0.001,-2.036867639174633,1.5159226520067106,5004.841196624847,-1.6820885086922506,-0.21091585172186195
0.06889655172413793,0.001,10.0,1.5970188374329672,0.027121376500039433,84.84945226843855,5000.001174657528,0.00042777494987834575,62.40103951330586
0.06889655172413793,0.5564444444444444,10.0,0.001,-0.02997451673892687,11.500856498644476,5000.010893933607,-0.022715121626748873,-0.31958425015120673
0.06889655172413793,1.1118888888888887,5.184235878150967,0.001,-0.11740861352860743,5.842911136507207,5000.003001450043,-0.08991445729103406,-0.30578126216766904
0.06889655172413793,1.6673333333333331,3.596838914428926,0.001,-0.25658363492083236,3.9717663104333774,5000.002765365535,-0.1994774645792201,-0.28627880578927856
0.06889655172413793,2.2227777777777775,2.8251983550688378,0.001,-0.4405096944301997,3.050208998380495,5004.860542726643,-0.34861064471121245,-0.2636151566602794
0.06889655172413793,2.778222222222222,2.3730511709931226,0.001,-0.6624702655969876,2.505731136447389,5004.857627335362,-0.5338520210615525,-0.2409248995249296
0.06889655172413793,3.3336666666666663,2.076876690067069,0.001,-0.9166546612164592,2.147196167283496,5004.852040985947,-0.7520920787492881,-0.21880642958084995
0.06889655172413793,3.8891111111111107,1.8679896726440512,0.001,-1.1982494574048412,1.8934261909170187,5004.837688974638,-1.0003711161927966,-0.19780493259854226
0.06889655172413793,4.444555555555556,1.7126363523749792,0.001,-1.503324811918421,1.7042895302772523,5004.846298884346,-1.276032273755377,-0.17812444311782138
0.06889655172413793,5.0,1.5924144553271549,0.001,-1.8286756162651523,1.5577213423898078,5004.842683500213,-1.5767269717181371,-0.1597921828358592
0.10334482758620689,0.001,10.0,1.5972487788459526,0.02712710949389239,84.83841571315767,5000.001136255797,0.0004274750931604641,62.45892410557241
0.10334482758620689,0.5564444444444444,10.0,0.0026516864079361353,-0.02611302282888405,11.964776373460047,5000.014574160657,-0.021069745972164242,-0.2393610660224668
0.10334482758620689,1.1118888888888887,5.520469915131648,0.001,-0.103046687910091,6.061598252731253,5000.002453870149,-0.08345138662229078,-0.23481097296190528
0.10334482758620689,1.6673333333333331,3.819178996101771,0.001,-0.22572440090131707,4.11457380006391,5000.002849329489,-0.18530253184656495,-0.21813986377812916
0.10334482758620689,2.2227777777777775,2.9911612337747973,0.001,-0.38849615603106535,3.1556383070734473,5004.862416412878,-0.324176364201613,-0.19840987478485736
0.10334482758620689,2.778222222222222,2.505975464744959,0.001,-0.5856508091315891,2.588937071595668,5004.864319696846,-0.49698373003009794,-0.17841042622486122
0.10334482758620689,3.3336666666666663,2.1884737188130714,0.001,-0.8121441128300688,2.2158086903776235,5004.855395688671,-0.7009265871710582,-0.15867214583467998
0.10334482758620689,3.8891111111111107,1.964829053582453,0.001,-1.0637299921998746,1.9517946358554366,5004.850812786451,-0.9333109588304551,-0.13973802850536482
0.10334482758620689,4.444555555555556,1.7987300374431703,0.001,-1.3368996951708578,1.755078869395409,5004.847519825072,-1.1916970306779948,-0.12184528513111469
0.10334482758620689,5.0,1.6703758280418979,0.001,-1.6287654224011763,1.6027531395119425,5004.8444620890905,-1.4739125131047368,-0.10506248364107318
0.13779310344827586,0.001,10.0,1.5974787330746985,0.027132842194669198,84.82739711076182,5000.001062654602,0.00042717499389467804,62.51692534080992
0.13779310344827586,0.5564444444444444,10.0,0.00201405561751279,-0.02225153397497892,12.43300236769293,5000.015030470565,-0.019485618641038153,-0.1419464983326496
0.13779310344827586,1.1118888888888887,5.908410439348302,0.001,-0.08958195462478621,6.2938462835026865,5000.001701123243,-0.07722224433025708,-0.16005375655323156
0.13779310344827586,1.6673333333333331,4.075214424278488,0.001,-0.19668318096239584,4.269203429352352,5000.002256637996,-0.17161870433980056,-0.14604746445916683
0.13779310344827586,2.2227777777777775,3.181925799639781,0.001,-0.33936286780396097,3.269656524911053,5004.858010286248,-0.3005463594397035,-0.12915314774273606
0.13779310344827586,2.778222222222222,2.6586399907772305,0.001,-0.5128405045721746,2.6791394700631455,5004.853396719291,-0.4612651316903168,-0.11181285845920894
0.13779310344827586,3.3336666666666663,2.316471101643393,0.001,-0.7128002673108893,2.290100425063379,5004.85523748454,-0.6512729098661665,-0.09447246540220197
0.13779310344827586,3.8891111111111107,2.0757023924019946,0.001,-0.9355455459127602,2.0149133008463544,5004.851564552505,-0.8681317287614818,-0.07765390310921377
0.13779310344827586,4.444555555555556,1.8971455783908564,0.001,-1.1779806161061286,1.8100206985319354,5004.849194239911,-1.1096131665992768,-0.06161376916280038
0.13779310344827586,5.0,1.7593417480461897,0.001,-1.437531547538311,1.651421562435527,5004.845298610817,-1.37371797383766,-0.046453183925649295
0.17224137931034483,0.001,10.0,1.5977086487712486,0.027138574602368515,84.81633725144972,5000.001047562203,0.0004268752412146692,62.574955823500034
0.17224137931034483,0.5564444444444444,10.0,0.186459537490393,-0.01839032951963558,12.936499540877524,5000.0153358639045,-0.017962917444314223,-0.023794134591240742
0.17224137931034483,1.1118888888888887,6.357754096840073,0.001,-0.07702421277065047,6.548565137729087,5000.002509068182,-0.07122806267623599,-0.08137452959742314
0.17224137931034483,1.6673333333333331,4.372443576287878,0.001,-0.16949610756541372,4.436688081409735,5000.002742126529,-0.15843031614591002,-0.06984642642076411
0.17224137931034483,2.2227777777777775,3.4035308116099645,0.001,-0.2931903746923059,3.393676491681238,5004.861137373616,-0.2777313315068678,-0.05566186249697881
0.17224137931034483,2.778222222222222,2.835793806665595,0.001,-0.44417783554388546,2.7769395234428975,5004.852546469281,-0.4267163218565369,-0.04092066038481452
0.17224137931034483,3.3336666666666663,2.464779515481127,0.001,-0.6188282520586448,2.370711961469281,5004.856218045751,-0.6031630016075731,-0.02597183582103026
0.17224137931034483,3.8891111111111107,2.20397398775296,0.001,-0.8139730690039002,2.083443114081001,5004.853138014259,-0.8048790351389198,-0.01129863428907776
0.17224137931034483,4.444555555555556,2.0108131630882418,0.001,-1.026919365413515,1.869617869810964,5004.849444430081,-1.0298411370862885,0.0028371091108674775
0.17224137931034483,5.0,1.861949335808388,0.001,-1.2554023651940618,1.7041877968576167,5004.8469058298415,-1.276219453495111,0.01631152717821267
0.20668965517241378,0.001,10.0,1.5979386413277803,0.027144306717043952,84.80540389437711,5000.000968504973,0.00042657416601243214,62.63326445852526
0.20668965517241378,0.5564444444444444,10.0,0.42486324750967297,-0.014554949396545405,13.486731940359824,5000.015826830519,-0.016501734035158356,0.11797454949068743
0.20668965517241378,1.1118888888888887,6.885088190446105,0.001,-0.06538298603313009,6.826065908359378,5000.003579394961,-0.06546986592069153,0.0013270210094317753
0.20668965517241378,1.6673333333333331,4.721747118748775,0.001,-0.1441993069898168,4.619229940504265,5000.002871261938,-0.14574161880564943,0.010582507786532348
0.20668965517241378,2.2227777777777775,3.66421969373853,0.001,-0.250061186094193,3.5286832964293695,5004.861171515229,-0.25574197762129025,0.022212980363785037
0.20668965517241378,2.778222222222222,3.043947834475066,0.001,-0.37980748790774077,2.8834838922767974,5004.863305240343,-0.3933576446758723,0.034447421962008395
0.20668965517241378,3.3336666666666663,2.638802281051546,0.001,-0.5304455367315517,2.4585858490126835,5004.8557897742685,-0.5566295360861315,0.047040262251782795
0.20668965517241378,3.8891111111111107,2.3542841581516853,0.001,-0.6993094968672382,2.158076854686832,5004.854383947027,-0.7435999029408655,0.05956214611979247
0.20668965517241378,4.444555555555556,2.1437371088094808,0.001,-0.8840963635435761,1.9345029079936715,5004.851699420837,-0.9524437326729827,0.0717600072159573
0.20668965517241378,5.0,1.9817266300389116,0.001,-1.082844180358499,1.7616065317826166,5004.848379102376,-1.1814964499600227,0.08349772832991732
0.24113793103448275,0.001,10.0,1.5981686316496655,0.027150038538685157,84.79436238131632,5000.000933001857,0.00042627410294270816,62.69150354492485
0.24113793103448275,0.5564444444444444,10.0,0.6085795181158495,-0.010765217894724725,14.068881519042858,5000.016120745063,-0.015102011632079936,0.2871666267388461
0.24113793103448275,1.1118888888888887,7.5131730668395305,0.001,-0.05466749724885908,7.1273102556841375,5000.003677961247,-0.05994863943017311,0.08809444603768514
0.24113793103448275,1.6673333333333331,5.138658429049789,0.001,-0.1208287180792103,4.818511023149168,5000.003008734358,-0.13355681242730155,0.0953009742952609
0.24113793103448275,2.2227777777777775,3.97493330666765,0.001,-0.210059491815822,3.677033173917268,5000.002140765828,-0.23448929501062674,0.10418302120656554
0.24113793103448275,2.778222222222222,3.291995683112105,0.001,-0.31988015401242487,3.0001870001055977,5004.8586852134,-0.3612096467116135,0.11441968141062886
0.24113793103448275,3.3336666666666663,2.845912616471336,0.001,-0.4478824188877568,2.5546736159119776,5004.857864087692,-0.5117058736452302,0.12472683634216544
0.24113793103448275,3.8891111111111107,2.532850720725149,0.001,-0.5918732815650602,2.239707305144033,5004.854886297759,-0.6843427794127915,0.13512160956396127
0.24113793103448275,4.444555555555556,2.301437076398933,0.001,-0.7499235849729167,2.00542321337444,5004.851708494944,-0.8774861285470501,0.14537271806832172
0.24113793103448275,5.0,2.1236007401312347,0.001,-0.9203658104858516,1.8243329221393212,5004.849410037327,-1.08963199276079,0.15534252242912794
0.2755862068965517,0.001,10.0,1.5983986709854445,0.027155770067324975,84.78333558019042,5000.000878466873,0.00042597382954055675,62.74985547026308
0.2755862068965517,0.5564444444444444,10.0,0.7717614848692348,-0.007031186475525385,14.778753430716192,5000.021863228354,-0.01376431744988812,0.489172892072281
0.2755862068965517,1.1118888888888887,8.279342100406094,0.001,-0.044886648296790746,7.460486812557007,5000.005018541067,-0.05466536153051067,0.17888317135270532
0.2755862068965517,1.6673333333333331,5.643766901433655,0.001,-0.09941988748757544,5.0378886328445205,5000.002655030556,-0.12188001332132638,0.18428063159573763
0.2755862068965517,2.2227777777777775,4.352161905027361,0.001,-0.17327076778071226,3.8391502022972572,5000.002380648453,-0.21419176037403065,0.19104839757542694
0.2755862068965517,2.778222222222222,3.592676421364546,0.001,-0.2645523269071224,3.1281911160204428,5004.859314036155,-0.33029303958463774,0.19903753575972427
0.2755862068965517,3.3336666666666663,3.0966213565354215,0.001,-0.3713823877679584,2.6601913674291797,5004.857743598988,-0.46842601618210833,0.20716959575623276
0.2755862068965517,3.8891111111111107,2.7486578166086253,0.001,-0.49200586787643075,2.329326371329948,5004.85542717657,-0.6271575131776272,0.215498726334987
0.2755862068965517,4.444555555555556,2.4917259793571076,0.001,-0.6248476757756452,2.0832660279678326,5004.853008303777,-0.8050359193411262,0.2238263402121912
0.2755862068965517,5.0,2.294470314934814,0.001005967928482591,-0.7685237280806179,1.8931488568545323,5004.848999860378,-1.000712765457181,0.23202365892723106
0.31003448275862067,0.001,10.0,1.5986285931388506,0.02716150130292309,84.77230312097116,5000.000858631243,0.00042567354841648014,62.80829018849018
0.31003448275862067,0.5564444444444444,10.0,0.9381198446460899,-0.0033672417715096686,15.500907011011655,5000.022516633289,-0.012488109966369012,0.7303641799617566
0.31003448275862067,1.1118888888888887,9.232424586165498,0.019591496597228062,-0.036048787733354584,7.824756074969772,5000.005235874581,-0.04962094830712906,0.2735167512271135
0.31003448275862067,1.6673333333333331,6.267524849622125,0.001,-0.0800077263638202,5.278184247850204,5000.003347593228,-0.11071527420264977,0.27735602029602024
0.31003448275862067,2.2227777777777775,4.817245461197233,0.001,-0.13978128458864736,4.017740707664474,5000.002758053281,-0.19475140950065342,0.28225790536227996
0.31003448275862067,2.778222222222222,3.964426145866195,0.001,-0.21398574558716255,3.2693638388580197,5004.859880592623,-0.3006286506637027,0.28820574780632924
0.31003448275862067,3.3336666666666663,3.406449026859129,0.001031933938974461,-0.3012020791209816,2.7767143390072744,5004.860837533226,-0.42682454967464967,0.2943187561479881
0.31003448275862067,3.8891111111111107,3.015014057409452,0.001316119483374732,-0.4000729922036492,2.4281453045078205,5004.866292366041,-0.572095311494803,0.3006882172162609
0.31003448275862067,4.444555555555556,2.7171776990655996,0.2599933286560694,-0.5094036206774661,2.1691015114008207,5004.8532247318935,-0.7351631345780689,0.30708764256816634
0.31003448275862067,5.0,2.5045866399406798,0.001105592676058424,-0.6279277530755238,1.9689983537570155,5004.851833917225,-0.914829212546671,0.3136120442333498
0.34448275862068967,0.001,10.0,1.5988584963905186,0.02716723224552792,84.76128685072145,5000.0008096861775,0.00042537304227967243,62.866840502944065
0.34448275862068967,0.5564444444444444,10.0,1.132833345346544,0.00020294295450314082,16.296759555482073,5000.023341517219,-0.011273669107291849,1.0180015000060518
0.34448275862068967,1.1118888888888887,10.0,0.2964431138836287,-0.028118938406511654,8.22528855494437,5000.00541826677,-0.044816294854410965,0.3725733352599072
0.34448275862068967,1.6673333333333331,7.064090492774191,0.001,-0.06262624498009867,5.544514868035929,5000.003495205095,-0.10006652250438774,0.3741538787125073
0.34448275862068967,2.2227777777777775,5.395409859552347,0.24839344617754264,-0.10968779334687584,4.2154536910944636,5000.002592965198,-0.17617867112336502,0.37740594450238807
0.34448275862068967,2.778222222222222,4.418206777469642,0.2938182446649619,-0.16837714174274587,3.42585476049119,5004.860464639919,-0.2722373669882923,0.38150613339576195
0.34448275862068967,3.3336666666666663,3.7786971810480003,0.34165225905639507,-0.2376849312169601,2.9057367589288097,5004.905690883718,-0.38693650662646234,0.3857262699525675
0.34448275862068967,3.8891111111111107,3.3521126647951567,0.0012935403063639478,-0.3164656124406774,2.537717677379262,5004.856597648159,-0.5192087033087541,0.39048476956580014
0.34448275862068967,4.444555555555556,2.380433087825718,10.0,-0.6018623601488307,2.2642525998598826,5004.8555574031325,-0.6679402284565983,0.09892781643119923
0.34448275862068967,5.0,2.7384110161648345,0.4784243821092359,-0.4997435830275656,2.0530156717824575,5004.854449537774,-0.832075619589725,0.39940124279332173
0.3789310344827586,0.001,10.0,1.5990885358349127,0.0271729628952082,84.75032922027953,5000.000773050722,0.00042507188902474364,62.92557023131315
0.3789310344827586,0.5564444444444444,10.0,1.459765031912133,0.0036226593981562027,16.57195839844443,5000.016056332266,-0.010104724769806442,1.3585114370438807
0.3789310344827586,1.1118888888888887,10.0,0.6996562630625142,-0.02054517356176326,8.676797619486512,5000.007040485475,-0.040252299890980996,0.4895900701970411
0.3789310344827586,1.6673333333333331,8.03056280458746,0.44207043368798243,-0.04735253477076967,5.842255569184522,5000.003010908863,-0.08993760106853613,0.4734956880305813
0.3789310344827586,2.2227777777777775,6.120911991477326,0.4759917260160595,-0.08313931084181703,4.435992168772865,5000.002751069171,-0.15848384807902652,0.47540830280470997
0.3789310344827586,2.778222222222222,4.994037822753232,0.508288471983535,-0.12798314528682775,3.6003157296100703,5004.862859671514,-0.24514007206934663,0.4779183011310238
0.3789310344827586,3.3336666666666663,4.254451066329452,0.5431366334043611,-0.18120399982250923,3.049486890239173,5004.856790531708,-0.3487976232577511,0.4804895798025411
0.3789310344827586,3.8891111111111107,3.732788098175532,0.5810616530795898,-0.242117188780819,2.659867005574374,5004.858500570971,-0.4685514077291792,0.4832644085859587
0.3789310344827586,4.444555555555556,3.3461572867288116,0.6222616645989213,-0.3100656681899481,2.370221984361984,5004.8551311240535,-0.6034420372288789,0.4861715805981485
0.3789310344827586,5.0,3.0479528915920264,0.6669985230442269,-0.38443923332518337,2.1466185432933043,5004.854533118583,-0.7525501638424511,0.4891513525659573
0.41337931034482756,0.001,10.0,1.5993184341386713,0.027178693251884878,84.73932479695185,5000.000744455052,0.0004247711371122519,62.98432209084516
0.41337931034482756,0.5564444444444444,10.0,10.0,-0.0005784975597783355,16.576319891568616,5000.010844903443,-0.008938509278674062,0.9352803088588224
0.41337931034482756,1.1118888888888887,9.860584803154353,10.0,-0.03110786940099468,9.175354055875244,5000.007293112084,-0.03592974667100374,0.1342029297941151
0.41337931034482756,1.6673333333333331,6.629063310088727,10.0,-0.06957741644874367,6.174316112752039,5000.002480557951,-0.08033223922390158,0.13387928531634882
0.41337931034482756,2.2227777777777775,5.025024229552088,10.0,-0.12276769308911323,4.682831472731456,5000.002915154171,-0.14167706085052578,0.13346809743154253
0.41337931034482756,2.778222222222222,5.737450681295211,0.7878471758359936,-0.09306309231814053,3.7964328792292186,5000.00226157837,-0.2192642344187389,0.575566473187717
0.41337931034482756,3.3336666666666663,4.860554719429429,0.8375024375651372,-0.13219316044378904,3.2105527813813346,5004.866579130461,-0.3124435341426637,0.5769054373087816
0.41337931034482756,3.8891111111111107,2.9958736694313357,10.0,-0.3645638150345942,2.796800490326383,5004.858327844836,-0.4201782635279648,0.13235917542809592
0.41337931034482756,4.444555555555556,2.6646981990567795,10.0,-0.4703110483544968,2.489065666880513,5004.856288558764,-0.5417456950599355,0.13186010956217317
0.41337931034482756,5.0,2.4091909927745636,10.0,-0.5874939739588384,2.2515185423140833,5004.854732403219,-0.6763549142198488,0.13138211668574679
0.44782758620689656,0.001,10.0,1.5995483859273465,0.027184423315640367,84.72833358178595,5000.000731969853,0.0004244701898588512,63.04318598834935
0.44782758620689656,0.5564444444444444,10.0,10.0,0.0015439336101145916,16.5763186076361,5000.008259450255,-0.007772072073044664,1.1986514787310465
0.44782758620689656,1.1118888888888887,10.0,10.0,-0.026860993682824116,9.746113651201549,5000.009767705154,-0.03184947634633476,0.15662683459110371
0.44782758620689656,1.6673333333333331,7.1149433543327865,10.0,-0.06032801686681383,6.5476191172513545,5000.002506834354,-0.07125403903459336,0.1533389870358791
0.44782758620689656,2.2227777777777775,5.383857599990249,10.0,-0.10653588065961815,4.96098142876828,5000.003113294755,-0.12576822392190462,0.15291893820675032
0.44782758620689656,2.778222222222222,4.3563679423729935,10.0,-0.16512906560132207,4.017020905937521,5000.002768512454,-0.19482744575556873,0.15243427351352934
0.44782758620689656,3.3336666666666663,3.67729275790653,10.0,-0.2355926590912898,3.392680343292987,5004.854651549612,-0.27791035399821284,0.1522710266030433
0.44782758620689656,3.8891111111111107,3.196817017683944,10.0,-0.3173756295871367,2.9513803211830063,5004.920765908777,-0.3741449365214304,0.15173079037792087
0.44782758620689656,4.444555555555556,2.8394307064865507,10.0,-0.40991449736350705,2.6232277265355313,5004.857909845329,-0.4829305006654873,0.15119360487971426
0.44782758620689656,5.0,2.563767939312166,10.0,-0.5126509029659722,2.369947593304445,5004.856827389634,-0.6035957756310991,0.15067181769129864
0.4822758620689655,0.001,10.0,1.5997783020345822,0.027190153086459678,84.71730635470615,5000.000610771165,0.00042416953659398524,63.10208829420504
0.4822758620689655,0.5564444444444444,10.0,10.0,0.0036663647800075326,16.57630357422426,5000.006332751094,-0.006605631463772254,1.555036229331782
0.4822758620689655,1.1118888888888887,10.0,10.0,-0.02261994561630684,10.38193238171716,5000.010300766887,-0.028012198215992445,0.19249658873994088
0.4822758620689655,1.6673333333333331,7.672210545206833,10.0,-0.05172467214751145,6.972468403049598,5000.003638509482,-0.06270646949947227,0.17513021287306318
0.4822758620689655,2.2227777777777775,5.802205685355752,10.0,-0.09141516926062118,5.277119761548683,5000.0033634396195,-0.11076700423538463,0.1747075774807448
0.4822758620689655,2.778222222222222,4.688523276029653,10.0,-0.14182546798683496,4.267744175688942,5000.002260338368,-0.17174597567220165,0.17421373379061683
0.4822758620689655,3.3336666666666663,3.9522315173876787,10.0,-0.20255727749950436,3.599532071646687,5004.8608460478035,-0.24523416968206216,0.17402506444304622
0.4822758620689655,3.8891111111111107,3.431020146556424,10.0,-0.27317832993586183,3.127208056015478,5004.860361795267,-0.33050832481992676,0.1734600631173222
0.4822758620689655,4.444555555555556,3.0431536312384626,10.0,-0.35324032749365303,2.7758476903521165,5004.858685254669,-0.42707772113602827,0.17288982774837214
0.4822758620689655,5.0,2.7438620731999395,10.0,-0.4422930016765415,2.5046384316250356,5004.856731883023,-0.5343823513962315,0.1723285761198501
0.5167241379310344,0.001,10.0,1.600008297963976,0.02719588256439896,84.70633329545426,5000.00058706195,0.00042386828078205515,63.16116467649193
0.5167241379310344,0.5564444444444444,10.0,10.0,0.005788795949900456,16.576308520275518,5000.005164659005,-0.00543919573163761,2.0642742485307823
0.5167241379310344,1.1118888888888887,10.0,10.0,-0.018378897549789552,11.106037158762746,5000.0107585622345,-0.02441862476929628,0.24734100616104376
0.5167241379310344,1.6673333333333331,8.333020834031135,10.0,-0.043771266501025766,7.45824168795205,5000.004996767129,-0.05469284958581798,0.1996894140184682
0.5167241379310344,2.2227777777777775,6.294097377141662,10.0,-0.0774167774462583,5.638538032535613,5000.003583896937,-0.09668278228590729,0.19927027733517397
0.5167241379310344,2.778222222222222,5.079770916160694,10.0,-0.12021574928675557,4.554812904473238,5000.002833696809,-0.15003990286630775,0.19877481263185587
0.5167241379310344,3.3336666666666663,4.276087415214653,10.0,-0.171867940725758,3.8377530574206897,5000.0023837142835,-0.21435962355247906,0.19822614969426988
0.5167241379310344,3.8891111111111107,3.707100848429719,10.0,-0.23204291668540228,3.3287962776035385,5004.86357413327,-0.2893251321426614,0.19798561926868571
0.5167241379310344,4.444555555555556,3.2832769131087427,10.0,-0.30039307791699965,2.950946640353272,5004.85996669938,-0.3742703220912256,0.19739006758921948
0.5167241379310344,5.0,2.9563284681608044,10.0,-0.37656441197311863,2.6591435368624885,5004.857606212538,-0.4688277076166903,0.19679573998003844
0.5511724137931034,0.001,10.0,1.6002382103886885,0.027201611749416873,84.69535030644276,5000.000575576346,0.0004235670596394786,63.22031914514238
0.5511724137931034,0.5564444444444444,10.0,10.0,0.00791122711979339,16.576320819165556,5000.004393064101,-0.004272763836376474,2.8515479494655436
0.5511724137931034,1.1118888888888887,10.0,10.0,-0.01413784948327227,11.963630646973805,5000.014648064705,-0.021069527536940805,0.3289906734508097
0.5511724137931034,1.6673333333333331,9.12257107207676,10.0,-0.03647151760804032,8.018308576094224,5000.005338379504,-0.04721634310906495,0.22756581288400876
0.5511724137931034,2.2227777777777775,6.8848052158740165,10.0,-0.06455141852452939,6.059198733143964,5000.002465102672,-0.08352459664774818,0.2271567763833111
0.5511724137931034,2.778222222222222,5.547720144954411,10.0,-0.10032347971720955,4.886875248577737,5000.003061371429,-0.1297288342875135,0.22666783935739288
0.5511724137931034,3.3336666666666663,4.66413730297331,10.0,-0.14356807119838072,4.1123023889522665,5000.002856681427,-0.18551711594558393,0.226119539069957
0.5511724137931034,3.8891111111111107,4.0376160711892055,10.0,-0.19404018585193128,3.562530032565035,5004.818330059979,-0.2506527251453877,0.22586045797275536
0.5511724137931034,4.444555555555556,3.5709645895474678,10.0,-0.2514783831921557,3.153668941362237,5004.861598145645,-0.32459260952475777,0.22524920219117125
0.5511724137931034,5.0,3.2106751446638127,10.0,-0.3156125927114279,2.8381998049645922,5004.860184714532,-0.4070480118292852,0.22463055084569497
0.5856206896551724,0.001,10.0,1.6004682131419044,0.02720734064159059,84.6843252825444,5000.000528207683,0.000423266192183027,63.27950340485901
0.5856206896551724,0.5564444444444444,10.0,10.0,0.010033658289686324,16.576321619905027,5000.003762496924,-0.003106328316245168,4.2300701240153185
0.5856206896551724,1.1118888888888887,10.0,10.0,-0.009896801416754981,12.938617750639875,5000.0154971052125,-0.017965409473431587,0.44911907343993396
0.5856206896551724,1.6673333333333331,10.0,10.0,-0.02982726112319628,8.67397473751939,5000.007044472152,-0.040279962540071046,0.25950126955744507
0.5856206896551724,2.2227777777777775,7.595035297036141,10.0,-0.052829301167342455,6.545500684885575,5000.002520107103,-0.07130116863018511,0.25906822872216784
0.5856206896551724,2.778222222222222,6.115788230996447,10.0,-0.08217131671503251,5.275587091787458,5000.003350864634,-0.110831835619929,0.2585946424561695
0.5856206896551724,3.3336666666666663,5.136060157760438,10.0,-0.11770000299995749,4.433885256039026,5000.002754283519,-0.15863752517277355,0.2580569895315162
0.5856206896551724,3.8891111111111107,4.439264776232822,10.0,-0.15924015671281472,3.836898412797251,5000.00237855493,-0.2144569945931128,0.25747277669847257
0.5856206896551724,4.444555555555556,3.9206615740524615,10.0,-0.20660215802547022,3.3914145366375608,5004.855608980471,-0.2781297710031669,0.25717352270383964
0.5856206896551724,5.0,3.520357368233839,10.0,-0.25958731666689616,3.0479956737220952,5004.858061814954,-0.34916201749861453,0.25654193853451945
0.6200689655172413,0.001,10.0,1.6006981124294792,0.027213069240867242,84.67336897084894,5000.000491031309,0.0004229645777697509,63.3388847935186
0.6200689655172413,0.5564444444444444,10.0,10.0,0.012156089459579252,16.576322885825217,5000.003045745368,-0.0019398931688170288,7.266370568742292
0.6200689655172413,1.1118888888888887,10.0,10.0,-0.005655753350237699,14.069698088518077,5000.016170961975,-0.01510677389263496,0.625614748030679
0.6200689655172413,1.6673333333333331,10.0,10.0,-0.023467596160054657,9.440261316926268,5000.0074245596625,-0.033886485529697426,0.3074644421449922
0.6200689655172413,2.2227777777777775,8.48350913625519,10.0,-0.04225994014415402,7.123536790031496,5000.003689857862,-0.06002073552835795,0.2959109918906693
0.6200689655172413,2.778222222222222,6.8205960653718085,10.0,-0.0657808238739403,5.737160217056884,5000.002923471251,-0.09336728666401768,0.2954617594205914
0.6200689655172413,3.3336666666666663,5.720989860282191,10.0,-0.09430460648787131,4.815093595928256,5000.0030196992875,-0.13375515246303749,0.29494599085495504
0.6200689655172413,3.8891111111111107,4.9388340118262075,10.0,-0.12771137988318493,4.1609944532743235,5000.002573033085,-0.18099130556617102,0.29437837091852337
0.6200689655172413,4.444555555555556,4.356273910369044,10.0,-0.16586957415561154,3.6742409907045057,5000.002146097601,-0.23486732137465482,0.293773296409251
0.6200689655172413,5.0,3.90532426990402,10.0,-0.20863933466365794,3.297203177126395,5004.8605870856345,-0.29529036393855046,0.2934434707558709
0.6545172413793103,0.001,10.0,1.6009280808011674,0.027218797547324255,84.66241137628771,5000.00042945582,0.0004226629120590729,63.3983580549411
0.6545172413793103,0.5564444444444444,10.0,10.0,0.014278520629472189,16.576308555017278,5000.002752931949,-0.0007734487772046201,19.460848410772943
0.6545172413793103,1.1118888888888887,10.0,10.0,-0.0014147052837204105,15.498524252687005,5000.022714187621,-0.012494664779809924,0.8867752509850103
0.6545172413793103,1.6673333333333331,10.0,10.0,-0.017107931196912993,10.37674186560697,5000.01026398446,-0.028038680676209477,0.389845357045316
0.6545172413793103,2.2227777777777775,9.610710170352148,10.0,-0.0328522319792886,7.819474692627115,5000.005251221568,-0.04969112065811012,0.33887117971595265
0.6545172413793103,2.778222222222222,7.71639502450318,10.0,-0.0511722865094646,6.288665548270454,5000.001707420758,-0.07735279221758498,0.338455858638916
0.6545172413793103,3.3336666666666663,6.46776628399173,10.0,-0.07342084647560645,5.273903453080625,5000.003354806452,-0.11090323215328686,0.33797378985198073
0.6545172413793103,3.8891111111111107,5.575527972874524,10.0,-0.09952017630736244,4.552421861024969,5000.002833817561,-0.150204805977668,0.33743680397177966
0.6545172413793103,4.444555555555556,4.910881466834833,10.0,-0.12938383858022695,4.014253413157997,5000.002768575493,-0.19510698614888716,0.3368569668669195
0.6545172413793103,5.0,4.396844788868419,10.0,-0.16291866071158906,3.5973370326654974,5004.862040864268,-0.2455546603092783,0.3365279221074789
0.6889655172413793,0.001,10.0,1.6011579806013814,0.02722452556092817,84.65139682936051,5000.000391513736,0.00042236174810048066,63.457839004992955
0.6889655172413793,0.5564444444444444,10.0,10.0,0.016400951799365123,16.576324125836976,5000.002199502514,0.00039297724028848066,40.73511877513657
0.6889655172413793,1.1118888888888887,10.0,10.0,0.0028263427827968715,16.571841737166768,5000.016279354012,-0.010112953043990042,1.2794774949020968
0.6889655172413793,1.6673333333333331,10.0,10.0,-0.010748266233771363,11.491821725348517,5000.010944310244,-0.022738741810936106,0.5273148214118853
0.6889655172413793,2.2227777777777775,10.0,10.0,-0.02432287525033959,8.66984604046338,5000.007042855779,-0.04031963221332357,0.39674858337864183
0.6889655172413793,2.778222222222222,8.901933956664621,10.0,-0.03836454778011354,6.967122298079822,5000.003646598227,-0.06280500960487832,0.3891482857581856
0.6889655172413793,3.3336666666666663,7.448589322447349,10.0,-0.055085377244925474,5.836588465033549,5000.003000086156,-0.09011364911109532,0.38871216748736637
0.6889655172413793,3.8891111111111107,6.413947095160179,10.0,-0.07472976870900128,5.032492893871558,5000.002665104501,-0.12215154538228194,0.38822084914988875
0.6889655172413793,4.444555555555556,5.640963841061975,10.0,-0.09724474577255952,4.4315193130263095,5000.002755332158,-0.15881457874347296,0.3876837596274131
0.6889655172413793,5.0,5.044475868691644,10.0,-0.12257243532516943,3.9669321584185298,5000.002772962994,-0.19999092779252015,0.3871100220489414
0.7234137931034482,0.001,10.0,1.6013880616082392,0.027230253281785657,84.64042407241406,5000.000365016004,0.00042206010479791577,63.5174774214294
0.7234137931034482,0.5564444444444444,10.0,10.0,0.01852338296925805,16.57632423773625,5000.001822766943,0.001559412656990536,10.878435695786756
0.7234137931034482,1.1118888888888887,10.0,10.0,0.0070673908493141605,16.576322234889176,5000.008344580713,-0.00778240095347735,1.9081247408817061
0.7234137931034482,1.6673333333333331,10.0,10.0,-0.004388601270629733,12.928937887446363,5000.015461008475,-0.017989346310052792,0.756044427908017
0.7234137931034482,2.2227777777777775,10.0,10.0,-0.01584459339057362,9.735562627969376,5000.009806363785,-0.031913045918047965,0.5035073295334389
0.7234137931034482,2.778222222222222,10.0,10.0,-0.02730058551051752,7.815657900824213,5000.005247150401,-0.04973952674878635,0.45112896533170865
0.7234137931034482,3.3336666666666663,8.792424554183798,10.0,-0.039332042235139864,6.540496087629293,5000.002522774127,-0.07141663890790712,0.4492594045785443
0.7234137931034482,3.8891111111111107,7.567251870067954,10.0,-0.05339934465772068,5.633231689865948,5000.003579756559,-0.09688346406126701,0.4488291146985404
0.7234137931034482,4.444555555555556,6.647493934530451,10.0,-0.06954705276781954,4.955221662252822,5000.003118331758,-0.1260716852022457,0.44835311230867325
0.7234137931034482,5.0,5.93596519526562,10.0,-0.08774235945191805,4.4302921004104405,5000.0027619943885,-0.1589070258684385,0.4478383886904959
0.7578620689655172,0.001,10.0,1.601617963738823,0.027235980709781765,84.62942960110703,5000.000334629449,0.00042175861304819033,63.57717724586165
0.7578620689655172,0.5564444444444444,10.0,10.0,0.02064581413915098,16.576320226779774,5000.001501650698,0.002725851426543886,6.574079033840762
0.7578620689655172,1.1118888888888887,10.0,10.0,0.011308438915831446,16.57629313464186,5000.005194633889,-0.005451615033635777,3.074328221281181
0.7578620689655172,1.6673333333333331,10.0,10.0,0.001971063692511918,14.766956665458924,5000.022024015496,-0.013792177066205443,1.1429117160438402
0.7578620689655172,2.2227777777777775,10.0,10.0,-0.0073663115308076205,11.090263653490055,5000.01073469627,-0.02447749160732461,0.6990577446014389
0.7578620689655172,2.778222222222222,10.0,10.0,-0.01670368675412716,8.907022108276463,5000.00724551359,-0.038170750402047655,0.5623956412124637
0.7578620689655172,3.3336666666666663,10.0,10.0,-0.026041061977446697,7.448769452393779,5000.00504498151,-0.05484045878334444,0.5251487213058179
0.7578620689655172,3.8891111111111107,9.245333840191185,10.0,-0.03558308670183656,6.408342668172327,5000.001679711968,-0.07444968299674519,0.5220518708804684
0.7578620689655172,4.444555555555556,8.111858318203588,10.0,-0.046378641560892664,5.630903329242227,5000.00358535545,-0.09695653914146007,0.5216553522684427
0.7578620689655172,5.0,7.235870973997462,10.0,-0.05856172373580505,5.029267601582353,5000.002678618601,-0.12231486416179228,0.5212215282490738
0.7923103448275862,0.001,10.0,1.6018478563833634,0.027241707844993947,84.61849629162492,5000.000266752561,0.0004214564496389383,63.63706479834848
0.7923103448275862,0.5564444444444444,10.0,10.0,0.02276824530904392,16.576320846570404,5000.001198022541,0.0038922866013277988,4.84958088679206
0.7923103448275862,1.1118888888888887,10.0,10.0,0.015549486982348731,16.576314967112015,5000.003568718525,-0.0031208457268012426,5.982459353505567
0.7923103448275862,1.6673333333333331,10.0,10.0,0.008330728655653555,16.576204459638717,5000.016006318744,-0.0101339831134958,1.8220586675893724
0.7923103448275862,2.2227777777777775,10.0,10.0,0.0011119703289583713,12.918714588301986,5000.01553828359,-0.018018673651782287,1.061712107697138
0.7923103448275862,2.778222222222222,10.0,10.0,-0.006106787997736812,10.364468904008163,5000.01030799043,-0.028111768626998677,0.7827675633374478
0.7923103448275862,3.3336666666666663,10.0,10.0,-0.013325546324431989,8.66019320650839,5000.007101043555,-0.04041104006811429,0.6702498549413405
0.7923103448275862,3.8891111111111107,10.0,10.0,-0.02054430465112715,7.445207630431753,5000.005040717059,-0.054895909868283285,0.6257589190083386
0.7923103448275862,4.444555555555556,10.0,10.0,-0.027763062977822342,6.534797142165191,5000.002531066755,-0.0715427916573622,0.6119376622764853
0.7923103448275862,5.0,9.307433768932817,10.0,-0.03515209291137231,5.830066531036151,5000.003006924269,-0.09032544173267773,0.6108284417207
0.8267586206896551,0.001,10.0,1.6020778441247112,0.027247434687477114,84.60751486826473,5000.000225528155,0.00042115469995147013,63.69697403499676
0.8267586206896551,0.5564444444444444,10.0,10.0,0.024890676478936846,16.576321102219328,5000.000931838345,0.00505872202081675,3.9203487316581493
0.8267586206896551,1.1118888888888887,10.0,10.0,0.01979053504886601,16.576314422799104,5000.002697857834,-0.0007900692016452827,26.049115960542608
0.8267586206896551,1.6673333333333331,10.0,10.0,0.014690393618795185,16.576298264725793,5000.00629244283,-0.006638863786688499,3.2127873218683454
0.8267586206896551,2.2227777777777775,10.0,10.0,0.00959025218872435,15.466574637967176,5000.022652096992,-0.012541381403115082,1.7646886639092467
0.8267586206896551,2.778222222222222,10.0,10.0,0.0044901107586535136,12.406753547170268,5000.015197980182,-0.019574219457476075,1.2293890067191713
0.8267586206896551,3.3336666666666663,10.0,10.0,-0.0006100306714172943,10.357781497032043,5000.01038118917,-0.02815169746560994,0.9783305901122834
0.8267586206896551,3.8891111111111107,10.0,10.0,-0.005710172101488151,8.89615597235043,5000.007225039944,-0.03826362761563473,0.8507676230061642
0.8267586206896551,4.444555555555556,10.0,10.0,-0.01081031353155898,7.803266510393697,5000.005259141411,-0.04989820606584439,0.7833526616709633
0.8267586206896551,5.0,10.0,10.0,-0.015910454961629808,6.954226401303363,5000.003661096618,-0.0630421460779178,0.7476219330800531
0.8612068965517241,0.001,10.0,1.6023077985981247,0.027253161237200035,84.596538004896,5000.000187084452,0.00042085284077010923,63.756985333234496
0.8612068965517241,0.5564444444444444,10.0,10.0,0.02701310764882978,16.576323850939445,5000.000706423751,0.006225154808083116,3.3393471297700636
0.8612068965517241,1.1118888888888887,10.0,10.0,0.0240315831153833,16.57626880204762,5000.001848934982,0.0015407413037633018,14.597416033882856
0.8612068965517241,1.6673333333333331,10.0,10.0,0.02105005858193682,16.576319688979492,5000.003827579764,-0.003143753559286922,7.695836103231793
0.8612068965517241,2.2227777777777775,10.0,10.0,0.018068534048490355,16.576157886828444,5000.00880708812,-0.007828181301660377,3.3081394454492226
0.8612068965517241,2.778222222222222,10.0,10.0,0.015087009515043881,15.456635622352337,5000.022868679885,-0.012568158895160744,2.2004152430673836
0.8612068965517241,3.3336666666666663,10.0,10.0,0.012105484981597407,12.900431207037112,5000.015650317372,-0.018082790160374118,1.6694478492663631
0.8612068965517241,3.8891111111111107,10.0,10.0,0.009123960448150926,11.065722493326609,5000.010790575963,-0.024589440421268313,1.371051975638261
0.8612068965517241,4.444555555555556,10.0,10.0,0.006142435914704467,9.710108523238102,5000.009840473325,-0.03208323900424785,1.191453110887314
0.8612068965517241,5.0,10.0,10.0,0.003160911381257972,8.645175880476245,5000.0070897437545,-0.04055837006175574,1.0779348720484834
0.8956551724137931,0.001,10.0,1.60253767676442,0.02725888749416242,84.5855442704029,5000.000142946116,0.0004205510848800053,63.817066164364135
0.8956551724137931,0.5564444444444444,10.0,10.0,0.02913553881872271,16.576322516966993,5000.000497319576,0.0073915917077933555,2.941713770256484
0.8956551724137931,1.1118888888888887,10.0,10.0,0.02827263118190059,16.576320420969385,5000.001210447751,0.003871477687393731,6.302801014186823
0.8956551724137931,1.6673333333333331,10.0,10.0,0.027409723545078476,16.57631931520641,5000.0022582820675,0.00035136192232039043,77.00994303555989
0.8956551724137931,2.2227777777777775,10.0,10.0,0.026546815908256357,16.576269967309276,5000.003847833212,-0.0031687320187410157,9.377740923261728
0.8956551724137931,2.778222222222222,10.0,10.0,0.025683908271434235,16.576312548882026,5000.006743292472,-0.006688871216242238,4.8397970959685
0.8956551724137931,3.3336666666666663,10.0,10.0,0.02482100063461213,16.57616733075658,5000.017411943773,-0.010208987975847121,3.4312890458226377
0.8956551724137931,3.8891111111111107,10.0,10.0,0.023958092997790004,14.707693669329537,5000.02218310849,-0.013904574710339793,2.7230367340882533
0.8956551724137931,4.444555555555556,10.0,10.0,0.023095185360967885,12.872500015763059,5000.015624467226,-0.018149689577006183,2.272483766897432
0.8956551724137931,5.0,10.0,10.0,0.022232277724145773,11.441163634822345,5000.011082849914,-0.02295490633860365,1.9685196443932937
0.9301034482758621,0.001,10.0,1.6027675822549763,0.02726461345841919,84.57453581149721,5000.000119092238,0.000420249410898282,63.87721993504084
0.9301034482758621,0.5564444444444444,10.0,10.0,0.031257969988615644,107.60551541778453,5000.074246309902,0.0006248453349903786,49.02513140167231
0.9301034482758621,1.1118888888888887,10.0,10.0,0.03251367924841788,16.576321875075955,5000.0007199924075,0.006202251331106981,4.242238263604004
0.9301034482758621,1.6673333333333331,10.0,10.0,0.03376938850822012,16.576300456999867,5000.00122758899,0.0038464937260531224,7.779265199236606
0.9301034482758621,2.2227777777777775,10.0,10.0,0.03502509776802236,16.576322026141124,5000.001888726779,0.00149069774471636,22.49577430580114
0.9301034482758621,2.778222222222222,10.0,10.0,0.0362808070278246,16.57630416695157,5000.0028419091495,-0.0008650683028727385,42.93981782402901
0.9301034482758621,3.3336666666666663,10.0,10.0,0.03753651628762684,16.576318565951773,5000.004209261947,-0.0032208546611810634,12.654209902741304
0.9301034482758621,3.8891111111111107,10.0,10.0,0.03879222554742908,16.576319825959594,5000.0051618999905,-0.005576632672084151,7.956209567400338
0.9301034482758621,4.444555555555556,10.0,10.0,0.04004793480723132,16.576235649625964,5000.008774716376,-0.007932395978346917,6.0486555281090695
0.9301034482758621,5.0,10.0,10.0,0.04130364406703355,16.57618969414918,5000.018352672461,-0.0102881878564656,5.014666590781226
0.964551724137931,0.001,10.0,1.6029975547470368,0.02727033913000187,84.56360763357529,5000.000050708767,0.0004199468756367715,63.937592614902684
0.964551724137931,0.5564444444444444,10.0,10.0,0.03338040115850857,113.1250252176596,5000.051261986637,0.00041135334582711655,80.14775653857859
0.964551724137931,1.1118888888888887,10.0,10.0,0.03675472731493516,107.78071791882729,5000.077359180319,0.000629317456738079,57.40411213991228
0.964551724137931,1.6673333333333331,10.0,10.0,0.040129053471361746,109.83172875115945,5000.081073495329,0.0007947389397930331,49.49337771446332
0.964551724137931,2.2227777777777775,10.0,10.0,0.04350337962778834,16.576302740333627,5000.000751706022,0.006150171308551704,6.073523231344413
0.964551724137931,2.778222222222222,10.0,10.0,0.04687770578421492,16.576323893449082,5000.000996429155,0.004958712331490165,8.45360461556105
0.964551724137931,3.3336666666666663,10.0,10.0,0.05025203194064151,16.576320393024417,5000.0012852600275,0.0037672782276491255,12.33908166692536
0.964551724137931,3.8891111111111107,10.0,10.0,0.053626358097068096,16.576306455952363,5000.001612974864,0.00257585210261679,19.818880883180157
0.964551724137931,4.444555555555556,10.0,10.0,0.057000684253494686,16.575512141352835,5000.001971793985,0.001385003835988157,40.15561471555527
0.964551724137931,5.0,10.0,10.0,0.060375010409921284,16.576322806194444,5000.002480811295,0.00019296406374515678,311.88214623038397
0.999,0.001,10.0,1.603227430905423,0.027276064508864578,84.55265062115072,5000.000008263192,0.0004196445624036099,63.99801725687735
0.999,0.5564444444444444,10.0,10.0,0.035502832328401505,84.76142672664677,5000.002039805103,0.00042550283558103326,82.43735777911239
0.999,1.1118888888888887,10.0,10.0,0.04099577538145245,84.97071356938545,5000.004076719879,0.0004313322848040677,94.04453254658354
0.999,1.6673333333333331,10.0,10.0,0.04648871843450339,85.18055099090792,5000.006066974287,0.00043713261947233683,105.34923216350215
0.999,2.2227777777777775,10.0,10.0,0.05198166148755434,104.45553564106184,5000.014892228403,0.0003006812816563894,171.8796059442024
0.999,2.778222222222222,10.0,10.0,0.05747460454060528,104.76641198573937,5000.018684905795,0.00030538572319977766,187.20331198982234
0.999,3.3336666666666663,10.0,10.0,0.06296754759365623,105.0778894748969,5000.022392915747,0.0003100637976660733,202.0793277629588
0.999,3.8891111111111107,10.0,10.0,0.06846049064670717,105.39004086697382,5000.02615037404,0.00031471523990266666,216.53153952087052
0.999,4.444555555555556,10.0,10.0,0.07395343369975813,105.70286048953608,5000.029945794919,0.0003193402168990455,230.5819611381343
0.999,5.0,10.0,10.0,0.07944637675280906,106.01642356994316,5000.033723180459,0.00032393844462324855,244.2514607990043
