alpha,a_pol,s_pol,E_pol,a_1,a_2,s_bi,E_bi
0.001,0,0,0,0.26389517306021526,0.013083856925909895,447.21359549995793,1.5000000000000002e-05
0.051122807017543855,0,0,0,0.0,1e-10,447.21359549995793,1.5000000000000002e-05
0.10124561403508771,0,0,0,0.0,1e-10,447.21359549995793,1.5000000000000002e-05
0.15136842105263157,0,0,0,0.0,1e-10,447.21359549995793,1.5000000000000002e-05
0.20149122807017542,0,0,0,0.0,1e-10,447.21359549995793,1.5000000000000002e-05
0.2516140350877193,0,0,0,0.0,1e-10,447.21359549995793,1.5000000000000002e-05
0.30173684210526314,0,0,0,0.0,1e-10,447.21359549995793,1.5000000000000002e-05
0.351859649122807,0,0,0,0.0,1e-10,447.21359549995793,1.5000000000000002e-05
0.40198245614035083,0,0,0,0.0,1e-10,447.21359549995793,1.5000000000000002e-05
0.4521052631578947,0,0,0,0.0,1e-10,447.21359549995793,1.5000000000000002e-05
0.5022280701754386,0,0,0,0.0,1e-10,447.21359549995793,1.5000000000000002e-05
0.5523508771929824,0,0,0,0.0,1e-10,447.21359549995793,1.5000000000000002e-05
0.6024736842105263,0,0,0,0.0,1e-10,447.21359549995793,1.5000000000000002e-05
0.6525964912280701,0,0,0,0.0,1e-10,447.21359549995793,1.5000000000000002e-05
0.702719298245614,0,0,0,0.0,1e-10,447.21359549995793,1.5000000000000002e-05
0.7528421052631578,0,0,0,0.0,1e-10,447.21359549995793,1.5000000000000002e-05
0.8029649122807017,0,0,0,0.0,1e-10,447.21359549995793,1.5000000000000002e-05
0.8530877192982456,0,0,0,0.0,1e-10,447.21359549995793,1.5000000000000002e-05
0.9032105263157894,0,0,0,0.0,1e-10,447.21359549995793,1.5000000000000002e-05
0.9533333333333333,0,0,0,0.0,1e-10,447.21359549995793,1.5000000000000002e-05
1.003456140350877,0,0,0,0.0,1e-10,447.21359549995793,1.5000000000000002e-05
1.0535789473684207,0,0,0,0.0,1e-10,447.21359549995793,1.5000000000000002e-05
1.1037017543859646,0,0,0,0.0,1e-10,447.21359549995793,1.5000000000000002e-05
1.1538245614035085,0,0,0,0.0,1e-10,447.21359549995793,1.5000000000000002e-05
1.2039473684210524,0,0,0,0.0,1e-10,447.21359549995793,1.5000000000000002e-05
1.2540701754385963,0,0,0,0.0,1e-10,447.21359549995793,1.5000000000000002e-05
1.30419298245614,0,0,0,0.0,1e-10,447.21359549995793,1.5000000000000002e-05
1.354315789473684,0,0,0,0.0,1e-10,447.21359549995793,1.5000000000000002e-05
1.4044385964912278,0,0,0,0.0,1e-10,447.21359549995793,1.5000000000000002e-05
1.4545614035087717,0,0,0,0.0,1e-10,447.21359549995793,1.5000000000000002e-05
1.5046842105263154,0,0,0,0.0,1e-10,447.21359549995793,1.5000000000000002e-05
1.5548070175438593,0,0,0,0.0,1e-10,447.21359549995793,1.5000000000000002e-05
1.6049298245614032,0,0,0,0.0,1e-10,447.21359549995793,1.5000000000000002e-05
1.655052631578947,0,0,0,0.0,1e-10,447.21359549995793,1.5000000000000002e-05
1.705175438596491,0,0,0,0.0,1e-10,447.21359549995793,1.5000000000000002e-05
1.7552982456140347,0,0,0,0.0,1e-10,447.21359549995793,1.5000000000000002e-05
1.8054210526315786,0,0,0,0.0,1e-10,447.213595498493,1.5000000000098268e-05
1.8555438596491225,0,0,0,0.0,1e-10,447.21359549995793,1.5000000000000002e-05
1.9056666666666664,0,0,0,0.0,1e-10,447.21359549995793,1.5000000000000002e-05
1.95578947368421,0,0,0,0.0,1e-10,447.213595498493,1.5000000000098268e-05
2.005912280701754,0,0,0,0.0,1e-10,447.21359549995793,1.5000000000000002e-05
2.056035087719298,0,0,0,0.0,1e-10,447.21359549995793,1.5000000000000002e-05
2.1061578947368416,0,0,0,0.0,1e-10,447.213595498493,1.5000000000098268e-05
2.1562807017543855,0,0,0,0.0,1e-10,447.213595498493,1.5000000000098268e-05
2.2064035087719294,0,0,0,0.0,1e-10,447.213595498493,1.5000000000098268e-05
2.2565263157894733,0,0,0,0.0,1e-10,447.21359548856293,1.5000000000764402e-05
2.306649122807017,0,0,0,0.0,1e-10,447.213595498493,1.5000000000098268e-05
2.356771929824561,0,0,0,0.0,1e-10,447.213595498493,1.5000000000098268e-05
2.406894736842105,0,0,0,0.0,1e-10,447.213595498493,1.5000000000098268e-05
2.457017543859649,0,0,0,0.0,1e-10,447.213595498493,1.5000000000098268e-05
2.507140350877193,0,0,0,0.0,1e-10,447.21359549995793,1.5000000000000002e-05
2.5572631578947362,0,0,0,0.0,1e-10,447.21359549995793,1.5000000000000002e-05
2.60738596491228,0,0,0,0.0,1e-10,447.21359549995793,1.5000000000000002e-05
2.657508771929824,0,0,0,0.0,1e-10,447.21359549995793,1.5000000000000002e-05
2.707631578947368,0,0,0,0.0,1e-10,447.21359549995793,1.5000000000000002e-05
2.757754385964912,0,0,0,0.0,1e-10,447.21359549995793,1.5000000000000002e-05
2.8078771929824557,0,0,0,0.0,1e-10,447.21359549995793,1.5000000000000002e-05
2.8579999999999997,0,0,0,0.0,1e-10,447.21359549995793,1.5000000000000002e-05
2.9081228070175436,0,0,0,0.0,1e-10,447.21359549995793,1.5000000000000002e-05
2.9582456140350875,0,0,0,0.0,1e-10,447.21359549995793,1.5000000000000002e-05
3.008368421052631,0,0,0,0.0,1e-10,447.21359549995793,1.5000000000000002e-05
3.058491228070175,0,0,0,0.0,1e-10,447.21359549995793,1.5000000000000002e-05
3.1086140350877187,0,0,0,0.0,1e-10,447.21359549995793,1.5000000000000002e-05
3.1587368421052626,0,0,0,0.0,1e-10,447.21359549995793,1.5000000000000002e-05
3.2088596491228065,0,0,0,0.0,1e-10,447.21359549995793,1.5000000000000002e-05
3.2589824561403504,0,0,0,0.0,1e-10,447.21359549995793,1.5000000000000002e-05
3.3091052631578943,0,0,0,0.0,1e-10,447.21359549995793,1.5000000000000002e-05
3.3592280701754382,0,0,0,0.0,1e-10,447.21359549995793,1.5000000000000002e-05
3.409350877192982,0,0,0,0.0,1e-10,447.21359549995793,1.5000000000000002e-05
3.4594736842105256,0,0,0,0.0,1e-10,447.21359549995793,1.5000000000000002e-05
3.5095964912280695,0,0,0,0.0,1e-10,447.21359549995793,1.5000000000000002e-05
3.5597192982456134,0,0,0,0.0,1e-10,447.21359549995793,1.5000000000000002e-05
3.6098421052631573,0,0,0,0.0,1e-10,447.21359549995793,1.5000000000000002e-05
3.659964912280701,0,0,0,0.0,1e-10,447.21359549995793,1.5000000000000002e-05
3.710087719298245,0,0,0,0.0,1e-10,447.21359549995793,1.5000000000000002e-05
3.760210526315789,0,0,0,0.0,1e-10,447.21359549995793,1.5000000000000002e-05
3.810333333333333,0,0,0,0.0,1e-10,447.21359549995793,1.5000000000000002e-05
3.860456140350877,0,0,0,0.0,1e-10,447.21359549995793,1.5000000000000002e-05
3.9105789473684203,0,0,0,0.0,1e-10,447.21359549995793,1.5000000000000002e-05
3.960701754385964,0,0,0,0.4747278722330983,0.3648867617683894,447.21359549995793,1.5000000000000002e-05
4.010824561403509,0,0,0,0.45764883917523425,0.35265213075178314,447.21359549995793,1.5000000000000002e-05
4.060947368421052,0,0,0,0.44116628972645183,0.34087391528019734,447.21359549995793,1.5000000000000002e-05
4.111070175438597,0,0,0,0.42526271751483596,0.329538992231374,447.21359549995793,1.5000000000000002e-05
4.16119298245614,0,0,0,0.4099182304304596,0.3186308289120986,447.21359549995793,1.5000000000000002e-05
4.211315789473684,0,0,0,0.395116589875194,0.3081388046470225,447.21359549995793,1.5000000000000002e-05
4.261438596491228,0,0,0,0.3808376576879536,0.29804584112511,447.21359549995793,1.5000000000000002e-05
4.3115614035087715,0,0,0,0.3670644479655203,0.288338529175087,447.21359549995793,1.5000000000000002e-05
4.361684210526316,0,0,0,0.3537817987627052,0.2790047476368762,447.21359549995793,1.5000000000000002e-05
4.411807017543859,0,0,0,0.34097066506551366,0.2700300554453444,447.21359549995793,1.5000000000000002e-05
4.461929824561404,0,0,0,0.32861720294389885,0.2614030695119585,447.21359549995793,1.5000000000000002e-05
4.512052631578947,0,0,0,0.31670225030710447,0.25310908094612,447.21359549995793,1.5000000000000002e-05
4.562175438596491,0,0,0,0.3052135548907459,0.24513761911870524,447.21359549995793,1.5000000000000002e-05
4.612298245614035,0,0,0,0.29413496992290117,0.2374760487472734,447.21359549995793,1.5000000000000002e-05
4.662421052631578,0,0,0,0.28345349921659946,0.2301147726027213,447.21359549995793,1.5000000000000002e-05
4.712543859649123,0,0,0,0.27315318740030536,0.2230403213114433,447.21359549995793,1.5000000000000002e-05
4.762666666666666,0,0,0,0.2632209127417161,0.21624289573806743,447.21359549995793,1.5000000000000002e-05
4.8127894736842105,0,0,0,0.2536442232765533,0.20971215505967922,447.21359549995793,1.5000000000000002e-05
4.862912280701754,0,0,0,0.2444114626802529,0.20343918989573492,447.21359549995793,1.5000000000000002e-05
4.913035087719298,0,0,0,0.23551041930111655,0.19741414920017342,447.21359549995793,1.5000000000000002e-05
4.963157894736842,0,0,0,0.22692708129182854,0.1916262639512421,447.21359549995793,1.5000000000000002e-05
5.013280701754386,0,0,0,0.21865236472994842,0.18606786694981917,447.21359549995793,1.5000000000000002e-05
5.06340350877193,0,0,0,0.21067417631941532,0.18073067126762582,447.21359549995793,1.5000000000000002e-05
5.113526315789473,0,0,0,0.20298214925995528,0.1756047810841373,447.21359549995793,1.5000000000000002e-05
5.163649122807017,0,0,0,0.195567185640866,0.17068399683759214,447.21359549995793,1.5000000000000002e-05
5.213771929824561,0,0,0,1.0,1e-10,447.21359549995793,-2.6068708718921214
5.263894736842105,0,0,0,1.0,1e-10,447.21359549995793,-2.6319322745066405
5.314017543859649,0,0,0,1.0,1e-10,4.310821857104546,-2.83462794550704
5.364140350877193,0,0,0,0.0,1.0,447.21359549995793,-2.6820551754385966
5.4142631578947364,0,0,0,1.0,1e-10,447.21359549995793,-2.7071164823501968
5.464385964912281,0,0,0,0.0,1.0,447.21359549995793,-2.7321779824561405
5.514508771929824,0,0,0,1.0,1e-10,4.173152088925582,-2.94786670505524
5.564631578947368,0,0,0,1.0,1e-10,447.21359549995793,-2.782300690193753
5.614754385964912,0,0,0,1.0,1e-10,447.21359549995793,-2.807362092808272
5.6648771929824555,0,0,0,0.0,1.0,447.21359549995793,-2.832423596491228
5.715,0,0,0,0.0,1.0,4.045427327977234,-3.0615032148902768
5.765122807017543,0,0,0,0.0,1.0,447.21359549995793,-2.882546403508772
5.815245614035088,0,0,0,0.0,1.0,447.21359549995793,-2.907607807017544
5.865368421052631,0,0,0,0.0,1.0,3.955533519009266,-3.1469878018360458
5.9154912280701755,0,0,0,0.0,1.0,447.21359549995793,-2.957730614035088
5.965614035087719,0,0,0,0.0,1.0,447.21359549995793,-2.9827920175438596
6.015736842105262,0,0,0,0.0,1.0,447.21359549995793,-3.0078534210526313
6.065859649122807,0,0,0,0.0,1.0,3.84281673191623,-3.261305162659582
6.11598245614035,0,0,0,0.0,1.0,3.8158251390567917,-3.2899441979509527
6.1661052631578945,0,0,0,0.0,1.0,447.21359549995793,-3.0830376315789474
6.216228070175438,0,0,0,0.0,1.0,447.21359549995793,-3.108099035087719
6.266350877192982,0,0,0,0.0,1.0,447.21359549995793,-3.1331604385964913
6.316473684210526,0,0,0,0.0,1.0,3.7122639538131734,-3.4047362435814708
6.36659649122807,0,0,0,0.0,1.0,447.21359549995793,-3.183283245614035
6.416719298245614,0,0,0,0.0,1.0,3.6629705871135543,-3.4622724813407038
6.466842105263157,0,0,0,0.0,1.0,3.6389494752793787,-3.4910753247199233
6.516964912280701,0,0,0,0.0,1.0,3.615279004406602,-3.5199011933576516
6.567087719298245,0,0,0,0.0,1.0,3.5919766682849357,-3.5487499944651715
6.617210526315789,0,0,0,0.2391460851083394,0.23911373668422414,1.1977324364370299,-2.91159844570624
6.667333333333333,0,0,0,0.23727579489330247,0.237289300664522,1.1893592432482065,-2.9496045048375117
6.717456140350877,0,0,0,0.23543979367233356,0.23544461999348554,1.1810868892926112,-2.987833564145015
6.7675789473684205,0,0,0,0.23361037721694902,0.23360988367042707,1.172912574892264,-3.0262860485875285
6.817701754385965,0,0,0,0.23178497331622208,0.23178532354123196,1.1648307978117176,-3.06496239055464
6.867824561403508,0,0,0,0.22996740127188142,0.2299671897994068,1.1568397212041295,-3.103863029563573
6.917947368421052,0,0,0,0.2281559623162994,0.22815743332315186,1.1489400453930612,-3.1429884118133193
6.968070175438596,0,0,0,0.22635404036546683,0.22635311302561587,1.1411273679312652,-3.182338989794527
7.0181929824561395,0,0,0,0.22455962459161738,0.22455784255148842,1.1334008063779533,-3.221915221834786
7.068315789473684,0,0,0,0.2227716147179386,0.2227717559089739,1.125759623406382,-3.2617175716469613
7.118438596491227,0,0,0,0.22099229413953017,0.22099252235122227,1.1182029389583796,-3.30174650795498
7.168561403508772,0,0,0,0.21922049247198433,0.21922185504209052,1.1107299679046971,-3.342002504067891
7.218684210526315,0,0,0,0.21745866782673798,0.21745754376842058,1.103338037686976,-3.3824860374573746
7.2688070175438595,0,0,0,0.21570469480105572,0.21570383055511133,1.0960267932016254,-3.423197589363648
7.318929824561403,0,0,0,0.21395854188312954,0.21395865966685404,1.0887949935221672,-3.4641376443650667
7.369052631578946,0,0,0,0.21222145914265728,0.21222154002188523,1.0816407566408877,-3.5053066900179943
7.419175438596491,0,0,0,0.21049426211325284,0.2104929290615545,1.0745635281021517,-3.5467052164524544
7.469298245614034,0,0,0,0.0,1.0,447.21359549995793,-3.7346341228070172
7.519421052631579,0,0,0,0.0,1.0,447.21359549995793,-3.7596955263157894
7.569543859649122,0,0,0,0.20536434097957743,0.20536453611233893,1.053780027762942,-3.6722826123278827
7.619666666666666,0,0,0,0.20367564016389492,0.203670669684616,1.0470006440591118,-3.7146040013241737
7.66978947368421,0,0,0,0.201993741236593,0.20198972078162936,1.040290350740018,-3.757157347229573
7.719912280701754,0,0,0,0.2003209225479589,0.2003189124973932,1.0336512179147581,-3.799943147753707
7.770035087719298,0,0,0,0.1986579311891297,0.19865795653624427,1.0270812245193914,-3.842961900705113
7.820157894736841,0,0,0,0.19700571965443048,0.197005606801118,1.0205799069607153,-3.886214103611577
7.870280701754385,0,0,0,0.19536323711562553,0.19536357145810193,1.0141467390795944,-3.9297002534009238
7.920403508771929,0,0,0,0.19373154716169697,0.19373176264117764,1.0077808583475147,-3.9734208460789606
7.970526315789473,0,0,0,0.19210993136418392,0.19210998389437844,1.0014805750711895,-4.0173763764288175
8.020649122807017,0,0,0,0.19049874785560345,0.1904987301801962,0.9952457645619924,-4.06156733772255
8.07077192982456,0,0,0,0.18889772315583583,0.18889889399863385,0.9890752530444297,-4.105994221432015
8.120894736842104,0,0,0,0.18730797875915436,0.1873079896583393,0.9829675976865347,-4.150657516976668
8.171017543859648,0,0,0,0.1857285035296384,0.18572851117022948,0.9769233565959637,-4.195557711422184
8.221140350877192,0,0,0,0.18415962895309992,0.18415939842188983,0.9709409410012261,-4.240695289263476
8.271263157894735,0,0,0,0.18260166351048418,0.18260135505819816,0.9650196378235267,-4.286070732159144
8.32138596491228,0,0,0,0.18105380960080153,0.18105568118689966,0.9591588022571254,-4.331684518705229
8.371508771929824,0,0,0,0.1795164580672924,0.179516554271294,0.9533539587604163,-4.377537124186155
8.421631578947366,0,0,0,0.17799240689178683,0.17799497130008296,0.9476102897620464,-4.4236290204774
8.47175438596491,0,0,0,0.17647985815063819,0.17647992951893055,0.941929701292347,-4.4699606758338675
8.521877192982455,0,0,0,0.1749772753944043,0.17497786074256774,0.9363035630078776,-4.516532554256605
8.572,0,0,0,0.1734859423706239,0.17348709331387085,0.9307342308196478,-4.563345116009813
8.622122807017542,0,0,0,0.17200560551045763,0.17200749192162557,0.925220492775152,-4.610398817024532
8.672245614035086,0,0,0,0.17053799222411062,0.1705380617429585,0.9197613653404986,-4.657694108848016
8.72236842105263,0,0,0,0.16908123065246658,0.1690811439206871,0.914358660770467,-4.705231438428641
8.772491228070173,0,0,0,0.16763561877612776,0.16763570558234375,0.9090091084099744,-4.753011248063648
8.822614035087717,0,0,0,0.1662016829055759,0.16620170166186082,0.9037133975947698,-4.801033975213043
8.872736842105262,0,0,0,0.1647793615096532,0.16477938128495886,0.898470862179859,-4.8493000523948275
8.922859649122806,0,0,0,0.16336847820554803,0.16336847008113187,0.8932799189773546,-4.897809907070432
8.972982456140349,0,0,0,0.16196911873086697,0.1619705107789357,0.8881419198518815,-4.946563961534348
9.023105263157893,0,0,0,0.16058154452187356,0.16058266034958574,0.8830538534757834,-4.995562632860263
9.073228070175437,0,0,0,0.15920601438473037,0.1592069910855762,0.8780177851515324,-5.044806332741591
9.123350877192982,0,0,0,0.15784179537780807,0.15784264181964153,0.8730301700214946,-5.094295467497914
9.173473684210524,0,0,0,0.1564892363280677,0.15648985424943723,0.8680918222485811,-5.14403043794508
9.223596491228069,0,0,0,0.155148267070348,0.15514886320876453,0.8632021007447811,-5.194011639365159
9.273719298245613,0,0,0,0.15381924084150347,0.15381957413270395,0.8583610772750947,-5.244239461458523
9.323842105263155,0,0,0,0.1525017950815346,0.15250196208102912,0.8535677975826584,-5.294714288287944
9.3739649122807,0,0,0,0.1511960230700418,0.15119613843917956,0.8488218517052212,-5.34543649824697
9.424087719298244,0,0,0,0.14990169457599695,0.14990180078042237,0.8441215852862486,-5.396406464031988
9.474210526315789,0,0,0,0.14861974304075665,0.1486196385949161,0.8394687069142827,-5.447624552622309
9.524333333333331,0,0,0,0.14734870226878802,0.1473482869682754,0.834859099641183,-5.49909112525697
9.574456140350875,0,0,0,0.14608907767020957,0.14608864194954307,0.8302948402441457,-5.5508065374290165
9.62457894736842,0,0,0,0.1448417150231186,0.14484153660209106,0.8257777842884254,-5.6027711389344335
9.674701754385962,0,0,0,0.14360546409201552,0.14360548245829033,0.8213027338138779,-5.654985273732434
9.724824561403507,0,0,0,0.1423807985879585,0.14238069021189168,0.8168706749024296,-5.7074492801175705
9.774947368421051,0,0,0,0.1411676210946361,0.14116746834876479,0.8124819426594357,-5.760163490646804
9.825070175438595,0,0,0,0.13996617562963165,0.1399660961510688,0.8081364531144173,-5.81312823217252
9.875192982456138,0,0,0,0.13877549732127084,0.13877555308500855,0.803831045935046,-5.866343825878953
9.925315789473682,0,0,0,0.13759671352971242,0.13759673509966813,0.7995688295379777,-5.91981058728595
9.975438596491227,0,0,0,0.13642840267989229,0.13642887664987166,0.7953450098272092,-5.973528826302738
10.025561403508771,0,0,0,0.13527239813255681,0.1352724618990059,0.7911644325696279,-6.027498847285497
10.075684210526314,0,0,0,0.13412710163046035,0.1341271143970198,0.787022619365298,-6.081720948997159
10.125807017543858,0,0,0,0.13299298495956555,0.13299293248885954,0.78292040645966,-6.136195424743342
10.175929824561402,0,0,0,0.1318700469163761,0.13187003994938534,0.7788575962678722,-6.190922562369839
10.226052631578945,0,0,0,0.130757899821697,0.13075771344617196,0.7748323953804034,-6.245902644322936
10.27617543859649,0,0,0,0.12965621478349995,0.12965662246181828,0.7708447098383284,-6.301135947682091
10.326298245614034,0,0,0,0.12856653359291462,0.12856661259757582,0.7668975877669417,-6.356622744325712
10.376421052631578,0,0,0,0.127487252662003,0.12748724199035608,0.7629863272938918,-6.412363300758102
10.42654385964912,0,0,0,0.12641837622257884,0.1264183546796948,0.759110685139681,-6.468357878399241
10.476666666666665,0,0,0,0.12536050738132853,0.125360578988345,0.7552729436507436,-6.524606733560122
10.52678947368421,0,0,0,0.12431403132380181,0.12431084334090022,0.7514710772242019,-6.581110117356115
10.576912280701752,0,0,0,0.12327679089584294,0.12327426943976733,0.747705700691995,-6.637868276236824
10.627035087719296,0,0,0,0.12225003686426847,0.12225038155691485,0.7439733761180318,-6.694881451652473
10.67715789473684,0,0,0,0.12123419291002697,0.12123407318609132,0.7402761631849919,-6.752149879785028
10.727280701754385,0,0,0,0.1202285067415284,0.12022847388309571,0.7366129926380821,-6.809673792491374
10.777403508771927,0,0,0,0.11923312029293301,0.11923308218753435,0.7329845037084982,-6.86745341677899
10.827526315789472,0,0,0,0.11824770078031775,0.11824790302270542,0.7293890841956115,-6.925488975024908
10.877649122807016,0,0,0,0.11727255876115235,0.1172724562526847,0.7258266881494776,-6.983780685035864
10.92777192982456,0,0,0,0.11630727235808633,0.11630732141879473,0.722297274332223,-7.042328760125854
10.977894736842103,0,0,0,0.11535248599003155,0.11535213609972983,0.7188003606186972,-7.101133409180339
11.028017543859647,0,0,0,0.11440667876145903,0.11440653446133314,0.715335939056608,-7.16019483675404
11.078140350877192,0,0,0,0.1134706567658185,0.1134707642778009,0.711901469932187,-7.219513243118917
11.128263157894734,0,0,0,0.11254433691071199,0.11254458971445132,0.7084988305772116,-7.279088824324206
11.178385964912279,0,0,0,0.11162779875370499,0.11162832695126329,0.7051276178674833,-7.338921772313309
11.228508771929823,0,0,0,0.11072064097267857,0.11072072539752172,0.7017858090279374,-7.399012274972684
11.278631578947367,0,0,0,0.10982279840061529,0.1098229831769087,0.6984742047718663,-7.45936051618482
11.32875438596491,0,0,0,0.10893413529190055,0.10893394400972381,0.6951930364544604,-7.51996667595221
11.378877192982454,0,0,0,0.108055103987999,0.10805648864621674,0.6919428637502468,-7.580830930408409
11.428999999999998,0,0,0,0.10718500481784632,0.10718503679938422,0.6887177423159201,-7.641953451975031
11.479122807017541,0,0,0,0.10632451829967957,0.10632445155139732,0.6855255468179587,-7.703334409310806
11.529245614035085,0,0,0,0.10547286556715348,0.10547256139936763,0.6823591680469219,-7.7649739674579745
11.57936842105263,0,0,0,0.10462868410243864,0.10462901679727882,0.679220630821568,-7.826872287959535
11.629491228070174,0,0,0,0.1037946422515331,0.10379464270742501,0.6761115381342443,-7.889029528819496
11.679614035087717,0,0,0,0.10296878518355031,0.1029686794347202,0.6730281575627245,-7.9514458446539305
11.729736842105261,0,0,0,0.1021514067066264,0.10215169385425037,0.6699723489654363,-8.014121386719477
11.779859649122805,0,0,0,0.10134292549713332,0.10134298074282383,0.6669436939101574,-8.077056303006144
11.82998245614035,0,0,0,0.10054284582354978,0.10054285824966376,0.6639416903250821,-8.140250738272268
11.880105263157892,0,0,0,0.09975120576632171,0.09975083818626228,0.6609655388155126,-8.203704834144082
11.930228070175437,0,0,0,0.09896712784830801,0.09896703078182939,0.6580132667698292,-8.267418729182243
11.980350877192981,0,0,0,0.09819204824401859,0.09819215194679146,0.6550901734946197,-8.331392558860804
12.030473684210524,0,0,0,0.09742447797946827,0.09742453389199673,0.652189546791715,-8.39562645582241
12.080596491228068,0,0,0,0.09666495307248765,0.09666492849159695,0.6493136878159371,-8.460120549684811
12.130719298245612,0,0,0,0.09591339402128532,0.09591324392836241,0.646463158324282,-8.524874967294648
12.180842105263157,0,0,0,0.09516989898998296,0.09516992881894473,0.6436377655178522,-8.589889832729067
12.2309649122807,0,0,0,0.09443384110354837,0.09443381758327299,0.6408349273981683,-8.655165267368925
12.281087719298243,0,0,0,0.09370554919517775,0.09370523928295814,0.638056011223658,-8.720701389894739
12.331210526315788,0,0,0,0.09298553540185357,0.09298427684908298,0.6353014141761,-8.786498316419902
12.38133333333333,0,0,0,0.09227140781809044,0.09227137839976801,0.6325694785706888,-8.852556160583692
12.431456140350875,0,0,0,0.09156553769643275,0.09156547766154965,0.6298604397578755,-8.918875033395935
12.481578947368419,0,0,0,0.09086714323695029,0.09086699436470536,0.627175009345699,-8.985455043573758
12.531701754385963,0,0,0,0.09017597087657114,0.09017577571872736,0.624511552842151,-9.052296297373733
12.581824561403506,0,0,0,0.08949233571681466,0.08949220820098949,0.6218720316778247,-9.119398898699155
12.63194736842105,0,0,0,0.08881473696105682,0.08881459627007424,0.6192500460977266,-9.186762949462356
12.682070175438595,0,0,0,0.0881451023766256,0.08814495119116428,0.6166538203203958,-9.254388548889635
12.732192982456139,0,0,0,0.08748168359248076,0.08748148180791783,0.6140760308648504,-9.322275794460683
12.782315789473682,0,0,0,0.08682520715984655,0.08682496043613566,0.6115198832386209,-9.390424781246168
12.832438596491226,0,0,0,0.08617585784399415,0.08617562434751287,0.608986139507458,-9.458835602402194
12.88256140350877,0,0,0,0.08553277598277965,0.08553259215879758,0.6064711588346667,-9.527508348989342
12.932684210526313,0,0,0,0.08489645344469669,0.08489622149752017,0.6039774555530494,-9.596443110119175
12.982807017543857,0,0,0,0.08426720529716455,0.08426695818457547,0.6015059373373064,-9.66563997296899
13.032929824561402,0,0,0,0.08364349892599182,0.08364327528123514,0.5990510656437115,-9.735099022784958
13.083052631578946,0,0,0,0.08302690884881096,0.08302684310402582,0.5966189492084526,-9.804820342994756
13.133175438596489,0,0,0,0.08241742657421976,0.08241642529205041,0.5942053343713904,-9.874804015133158
13.183298245614033,0,0,0,0.08181155173666221,0.08181166721125878,0.5918086737761817,-9.945050119262064
13.233421052631577,0,0,0,0.08121333156317265,0.08121340299972689,0.5894330220899037,-10.015558733288122
13.283543859649122,0,0,0,0.08062299559319798,0.08062183464703038,0.5870778355562521,-10.086329933602846
13.333666666666664,0,0,0,0.08003547072550259,0.08003483448918033,0.584739751139739,-10.157363795252156
13.383789473684208,0,0,0,0.0794558202107494,0.0794552691508309,0.582421769357268,-10.228660391029102
13.433912280701753,0,0,0,0.07888104511372243,0.0788805998360729,0.5801174099698166,-10.300219793177794
13.484035087719295,0,0,0,0.0783131055166927,0.07831196026841691,0.5778335963598992,-10.372042071075962
13.53415789473684,0,0,0,0.07774996918183888,0.07774881871972363,0.5755670663461463,-10.444127293559152
13.584280701754384,0,0,0,0.0771926868209524,0.07719198223376712,0.5733192936025512,-10.516475527758164
13.634403508771928,0,0,0,0.07664154345779664,0.07664023907361703,0.5710883675777617,-10.5890868392162
13.684526315789471,0,0,0,0.07609565049771329,0.0760945872018291,0.5688758043745239,-10.661961292323532
13.734649122807015,0,0,0,0.07555439828309113,0.07555462978029152,0.5666784358159602,-10.735098949891444
13.78477192982456,0,0,0,0.07501923793664876,0.07501925821947959,0.5644984198353988,-10.80849987344322
13.834894736842102,0,0,0,0.07449203026526997,0.07449057796848006,0.5623339179619777,-10.882164122571627
13.885017543859647,0,0,0,0.07396559898256674,0.07396589622397845,0.5601898472254941,-10.956091758420254
13.935140350877191,0,0,0,0.07344586821020488,0.07344603442952145,0.558058319472473,-11.030282836382638
13.985263157894735,0,0,0,0.07293062786063426,0.07293176540985667,0.55594552736367,-11.104737413835602
14.035385964912278,0,0,0,0.07242309691767373,0.07242315678897716,0.5538477568162888,-11.179455546317241
14.085508771929822,0,0,0,0.07192006051218908,0.07191938238781685,0.5517671552860318,-11.254437287516541
14.135631578947367,0,0,0,0.07142069579829442,0.07142069907323943,0.5496998094926323,-11.329682690753213
14.185754385964911,0,0,0,0.0709262267007518,0.07092702904982019,0.5476487859092193,-11.405191807766009
14.235877192982453,0,0,0,0.07043737122553997,0.07043753213717298,0.5456123563624233,-11.480964689513094
14.285999999999998,0,0,0,0.06995290174411833,0.06995323610277299,0.5435917925008112,-11.55700138565098
14.336122807017542,0,0,0,0.06947413657898835,0.06947223494291097,0.5415849745063129,-11.633301944841024
14.386245614035085,0,0,0,0.06899860776029025,0.0689980042449714,0.5395941857949995,-11.709866415130989
14.436368421052629,0,0,0,0.06852838900477431,0.06852803405948303,0.5376180356524078,-11.786694842917074
14.486491228070173,0,0,0,0.06806243648526487,0.06806228753071562,0.5356553336101115,-11.863787274050152
14.536614035087718,0,0,0,0.06760124425658427,0.06760102091302936,0.5337073270388388,-11.941143753343216
14.58673684210526,0,0,0,0.06714476250477627,0.06714445799627893,0.5317743622753076,-12.01876432472535
14.636859649122805,0,0,0,0.06669127558506019,0.06669264305648426,0.5298551129727752,-12.096649031063912
14.686982456140349,0,0,0,0.06624305871931317,0.06624443341584081,0.5279474301412921,-12.174797914566001
14.737105263157892,0,0,0,0.06579967542430395,0.06580073835486407,0.5260557804032483,-12.253211016641174
14.787228070175436,0,0,0,0.06536136748684752,0.06536170879527961,0.5241798508628861,-12.331888377539924
14.83735087719298,0,0,0,0.06492831341394818,0.06492569183746026,0.5223152642551596,-12.410830036451262
14.887473684210525,0,0,0,0.06449594977137522,0.0644942409630639,0.5204615333914463,-12.490036033169677
14.937596491228067,0,0,0,0.06406712693602566,0.06406861843449209,0.5186225369212388,-12.569506404810388
14.987719298245612,0,0,0,0.06364572492401993,0.06364536520210631,0.5167980337178422,-12.649241189004274
15.037842105263156,0,0,0,0.06322668860063742,0.06322654535132884,0.5149849883104032,-12.729240421989251
15.0879649122807,0,0,0,0.06281179181692464,0.06281171581810384,0.5131850564531604,-12.809504139628833
15.138087719298243,0,0,0,0.06240148655964373,0.062401141672875235,0.511399578914838,-12.89003237685142
15.188210526315787,0,0,0,0.061994655557038085,0.06199410807093808,0.509625007124623,-12.97082516815117
15.238333333333332,0,0,0,0.061590808636294014,0.06159087964743285,0.507861652074472,-13.051882547277895
15.288456140350874,0,0,0,0.061191162612783186,0.06119122767852595,0.5061101899528592,-13.1332045469674
15.338578947368418,0,0,0,0.06079586214079046,0.06079586037584479,0.504373577743113,-13.21479119951665
15.388701754385963,0,0,0,0.0604035129212466,0.060403496227823004,0.5026455347985727,-13.296642536832906
15.438824561403507,0,0,0,0.06001508330235866,0.060015094306701114,0.5009307505163744,-13.378758589759798
15.48894736842105,0,0,0,0.05963037218636699,0.05963038417739699,0.4992282076907003,-13.461139388872585
15.539070175438594,0,0,0,0.059249523120947736,0.059249675542170005,0.497539156507017,-13.543784963996238
15.589192982456138,0,0,0,0.05887140567358909,0.05887156460359936,0.49585754683807176,-13.626695344300586
15.639315789473681,0,0,0,0.05849734784360766,0.05849767788988233,0.49419019001035513,-13.709870558667623
15.689438596491225,0,0,0,0.05812692571420522,0.058127142147672936,0.49253402462692625,-13.793310635077429
15.73956140350877,0,0,0,0.05775936972847403,0.057759548072721746,0.49088658013693076,-13.877015600955414
15.789684210526314,0,0,0,0.05739560534102574,0.05739570696162265,0.4892522073354942,-13.960985483744507
15.839807017543857,0,0,0,0.0570355480692858,0.05703562018939966,0.48763122676129944,-14.045220309822588
15.889929824561401,0,0,0,0.05667799426466594,0.056678488857572255,0.4860192746414984,-14.129720104897434
15.940052631578945,0,0,0,0.05632350669502802,0.05632368796760168,0.48441418562210137,-14.214484895016865
15.99017543859649,0,0,0,0.055973396226118764,0.05597360026905961,0.48282405052950406,-14.299514704923057
16.040298245614036,0,0,0,0.05562625291731132,0.05562618488378098,0.4812431411743709,-14.38480955903764
16.090421052631577,0,0,0,0.05528141670907543,0.05528124221166691,0.47967115852002545,-14.470369481507053
16.14054385964912,0,0,0,0.05494067184695733,0.05494044513347969,0.4781140072933666,-14.556194496019458
16.190666666666665,0,0,0,0.05460149214515112,0.054601400537750776,0.4765606941626174,-14.642284625846308
16.24078947368421,0,0,0,0.054265904747504375,0.05426605930195457,0.47502117717720704,-14.72863989360459
16.290912280701754,0,0,0,0.05393463011105099,0.05393479818952359,0.47349395873930683,-14.815260321547983
16.3410350877193,0,0,0,0.05360530425717789,0.053605589788643666,0.4719739079765527,-14.902145931650669
16.391157894736843,0,0,0,0.05327842547938427,0.053278651527409376,0.47046076164780815,-14.989296745296965
16.441280701754387,0,0,0,0.052955624363213064,0.052955857322852934,0.46896376816911056,-15.076712783627531
16.491403508771928,0,0,0,0.0526340155538054,0.05263417987774005,0.46746782801850006,-15.164394066851237
16.541526315789472,0,0,0,0.052317436714678714,0.05231767243377513,0.46599218153153077,-15.252340616579229
16.591649122807016,0,0,0,0.05200299952787893,0.05200308834810869,0.4645220779810533,-15.340552450847959
16.64177192982456,0,0,0,0.05168998436772008,0.05169024529855302,0.4630561793677475,-15.429029591789895
16.691894736842105,0,0,0,0.05138085022317902,0.051380894318666354,0.46160438652751057,-15.517772055909333
16.74201754385965,0,0,0,0.051074185364604126,0.051074231152077945,0.46016054009200563,-15.606779863307388
16.792140350877194,0,0,0,0.050769673560687616,0.05077004223369751,0.4587236336109887,-15.696053032571296
16.842263157894735,0,0,0,0.05046809484488309,0.05046865609443947,0.45729787587688925,-15.785591581361714
16.89238596491228,0,0,0,0.05016934322919379,0.050169400349726105,0.45587945252766554,-15.875395527607346
16.942508771929823,0,0,0,0.0498735990057606,0.04987357351403237,0.45447312650199784,-15.965464889211997
16.992631578947368,0,0,0,0.04957990428265575,0.04958036828293783,0.45307389019244787,-16.055799682890733
17.042754385964912,0,0,0,0.04928862576575674,0.04928923850123973,0.45168256380172483,-16.14639992568506
17.092877192982456,0,0,0,0.049000152831009926,0.049000767200205485,0.4503007459609471,-16.23726563417305
17.143,0,0,0,0.04871425236625266,0.048714822257749965,0.44892783693831545,-16.328396824580786
17.19312280701754,0,0,0,0.04843093657459631,0.04843130468670864,0.44756402808329854,-16.41979351272838
17.243245614035086,0,0,0,0.04814945577043642,0.04814973282394607,0.446205955178637,-16.511455714830987
17.29336842105263,0,0,0,0.0478699760419005,0.04787011795119671,0.4448537433060656,-16.60338344482784
17.343491228070175,0,0,0,0.047594128657415455,0.047594205666241465,0.4435157695077281,-16.695576720625056
17.39361403508772,0,0,0,0.047320641504275826,0.04732068181898519,0.4421868303475422,-16.78803555450251
17.443736842105263,0,0,0,0.04704889415438353,0.047048923407362234,0.44086297610754466,-16.880759962037516
17.493859649122808,0,0,0,0.04677852150940715,0.046778748332726605,0.43954302254842964,-16.973749957502413
17.54398245614035,0,0,0,0.046511873500241906,0.04651188243246728,0.4382371653667201,-17.0670055553167
17.594105263157893,0,0,0,0.04624711370896324,0.046247192384291695,0.43693860757538633,-17.16052676838163
17.644228070175437,0,0,0,0.045983965427670075,0.045984134597104064,0.4356443422888928,-17.254313611442477
17.69435087719298,0,0,0,0.045723561695491695,0.045723808168439406,0.4343609849111001,-17.348366096850157
17.744473684210526,0,0,0,0.045464805123963496,0.04546512246878399,0.4330825835388912,-17.442684238505574
17.79459649122807,0,0,0,0.04520838937905865,0.04520872716609832,0.4318127169913067,-17.53726804880851
17.844719298245614,0,0,0,0.04495371755742275,0.04495418538431473,0.43054859001215245,-17.632117540154542
17.894842105263155,0,0,0,0.04470248308740622,0.04470291225574928,0.4292972739065554,-17.727232726411053
17.9449649122807,0,0,0,0.044452155787695964,0.04445281313949182,0.4280494722777693,-17.82261361837709
17.995087719298244,0,0,0,0.044205113351512074,0.04420517120711129,0.42680768581181217,-17.91826022876608
18.04521052631579,0,0,0,0.04395934017574421,0.04395938027420116,0.425575075300204,-18.014172569132462
18.095333333333333,0,0,0,0.04371666225995792,0.04371649456192325,0.42435234877189976,-18.110350651208407
18.145456140350877,0,0,0,0.04347445267604986,0.043474655957744295,0.4231347487797962,-18.206794486232805
18.19557894736842,0,0,0,0.04323549450215105,0.04323368308753008,0.42192257522467325,-18.30350408570292
18.245701754385966,0,0,0,0.04299662514958382,0.04299661321744496,0.42071763158520614,-18.40047946101946
18.295824561403506,0,0,0,0.042760689137177364,0.04276091777195056,0.4195200678510869,-18.49772062220182
18.34594736842105,0,0,0,0.042526621748038174,0.04252661445491061,0.41832925732544707,-18.59522758033115
18.396070175438595,0,0,0,0.042294713806690636,0.04229473642513191,0.4171461075829158,-18.693000345846645
18.44619298245614,0,0,0,0.0420645561858295,0.04206458530824536,0.41597017524547847,-18.791038928964902
18.496315789473684,0,0,0,0.041835926082597945,0.0418359062440732,0.41479876438591895,-18.889343340314934
18.546438596491228,0,0,0,0.041608953791730505,0.04160861055341296,0.41363103589321576,-18.987913587762584
18.596561403508773,0,0,0,0.041384654176868034,0.0413846700150633,0.41247813552960993,-19.08674968606715
18.646684210526313,0,0,0,0.04116150522623642,0.04116155470056218,0.41132751736677015,-19.18585164010753
18.696807017543858,0,0,0,0.04094042510658063,0.040940949029446234,0.41018398052073096,-19.285219460926157
18.746929824561402,0,0,0,0.04072096898509235,0.04072111144638946,0.40904607108483015,-19.38485315799117
18.797052631578946,0,0,0,0.04050335841700749,0.04050343879276521,0.40791223423936496,-19.48475273953631
18.84717543859649,0,0,0,0.04028731686146378,0.040287587843344755,0.40678935873444816,-19.584918217014586
18.897298245614035,0,0,0,0.04007545523265875,0.04007404653997615,0.40567624318868123,-19.685349594075266
18.94742105263158,0,0,0,0.03986083764920878,0.0398606282721438,0.4045591942219021,-19.786046888970077
18.99754385964912,0,0,0,0.0396500623888581,0.039649733907483824,0.4034531498157213,-19.887010101481856
19.047666666666665,0,0,0,0.03943990151297477,0.0394398064374476,0.4023490791223867,-19.98823924181349
19.09778947368421,0,0,0,0.03923278915880149,0.039232663381854695,0.4012575250894398,-20.0897343219577
19.147912280701753,0,0,0,0.03902710734265834,0.039026863005734866,0.40017078616506263,-20.19149534649953
19.198035087719298,0,0,0,0.038822504577080696,0.038822464296278864,0.39908781606400584,-20.293522324620948
19.248157894736842,0,0,0,0.03861943068187319,0.038619316357043694,0.39800995034936,-20.395815263820253
19.298280701754386,0,0,0,0.03841798795091748,0.038417811159310644,0.3969404507461432,-20.498374172989237
19.348403508771927,0,0,0,0.03821899570832976,0.03821840383042125,0.3958759077778405,-20.60119905902725
19.39852631578947,0,0,0,0.03802078366777402,0.03802068336126973,0.39481806453920176,-20.704289929728183
19.448649122807016,0,0,0,0.037822275096790654,0.037825321302985986,0.3937649822441515,-20.807646791075054
19.49877192982456,0,0,0,0.03762946518102429,0.03762857154404464,0.39271699958383494,-20.911269653955106
19.548894736842104,0,0,0,0.037436072397174856,0.03743508973330448,0.39167586106546143,-21.015158522331998
19.59901754385965,0,0,0,0.03724401629361382,0.03724409402581119,0.3906439045589632,-21.119313402091503
19.649140350877193,0,0,0,0.03705325974310866,0.03705259837816534,0.3896099878829058,-21.223734306755595
19.699263157894737,0,0,0,0.03686385100620479,0.03686313239679891,0.3885828836059388,-21.328421236792757
19.74938596491228,0,0,0,0.036676926841792884,0.036675008574751734,0.3875652097540354,-21.433374200471178
19.799508771929823,0,0,0,0.036490508861932454,0.03648840819047967,0.3865501504440039,-21.538593205617598
19.849631578947367,0,0,0,0.036305156631460715,0.03630327961329851,0.3855397268239784,-21.644078258190437
19.89975438596491,0,0,0,0.03612166466895707,0.03611984694016072,0.38454005068505426,-21.749829363143235
19.949877192982456,0,0,0,0.03593896439508723,0.03593736013249496,0.38353534149677976,-21.85584653007306
20.0,0,0,0,0.03575859488541122,0.03575725227580815,0.38254577565347214,-21.962129764508344
